﻿{"frames": {

"10000":
{
	"frame": {"x":10,"y":10,"w":55,"h":271},
	"rotated": false,
	"trimmed": false,
	"spriteSourceSize": {"x":0,"y":0,"w":55,"h":271},
	"sourceSize": {"w":55,"h":271}
},
"20000":
{
	"frame": {"x":75,"y":10,"w":183,"h":277},
	"rotated": false,
	"trimmed": false,
	"spriteSourceSize": {"x":0,"y":0,"w":183,"h":277},
	"sourceSize": {"w":183,"h":277}
},
"30000":
{
	"frame": {"x":268,"y":10,"w":189,"h":281},
	"rotated": false,
	"trimmed": false,
	"spriteSourceSize": {"x":0,"y":0,"w":189,"h":281},
	"sourceSize": {"w":189,"h":281}
},
"go!0000":
{
	"frame": {"x":10,"y":301,"w":710,"h":285},
	"rotated": false,
	"trimmed": false,
	"spriteSourceSize": {"x":0,"y":0,"w":710,"h":285},
	"sourceSize": {"w":710,"h":285}
}},
"meta": {
	"app": "Adobe Animate",
	"version": "15.2.1.95",
	"image": "countdown.png",
	"format": "RGBA8888",
	"size": {"w":1024,"h":1024},
	"scale": "1"
}
}
