﻿{"frames": {

"gg_landing0000":
{
	"frame": {"x":10,"y":10,"w":210,"h":210},
	"rotated": false,
	"trimmed": true,
	"spriteSourceSize": {"x":23,"y":29,"w":257,"h":239},
	"sourceSize": {"w":257,"h":239}
},
"gg_landing0001":
{
	"frame": {"x":230,"y":10,"w":257,"h":148},
	"rotated": false,
	"trimmed": true,
	"spriteSourceSize": {"x":0,"y":91,"w":257,"h":239},
	"sourceSize": {"w":257,"h":239}
},
"gg_landing0002":
{
	"frame": {"x":10,"y":230,"w":173,"h":216},
	"rotated": false,
	"trimmed": true,
	"spriteSourceSize": {"x":42,"y":23,"w":257,"h":239},
	"sourceSize": {"w":257,"h":239}
},
"gg_landing0003":
{
	"frame": {"x":193,"y":230,"w":146,"h":239},
	"rotated": false,
	"trimmed": true,
	"spriteSourceSize": {"x":55,"y":0,"w":257,"h":239},
	"sourceSize": {"w":257,"h":239}
},
"gg_landing0004":
{
	"frame": {"x":10,"y":479,"w":194,"h":217},
	"rotated": false,
	"trimmed": true,
	"spriteSourceSize": {"x":31,"y":22,"w":257,"h":239},
	"sourceSize": {"w":257,"h":239}
},
"gg_landing0005":
{
	"frame": {"x":10,"y":10,"w":210,"h":210},
	"rotated": false,
	"trimmed": true,
	"spriteSourceSize": {"x":23,"y":29,"w":257,"h":239},
	"sourceSize": {"w":257,"h":239}
}},
"meta": {
	"app": "Adobe Animate",
	"version": "15.2.1.95",
	"image": "gg_landing.png",
	"format": "RGBA8888",
	"size": {"w":512,"h":1024},
	"scale": "1"
}
}
