﻿{"frames": {

"btn_again0000":
{
	"frame": {"x":10,"y":10,"w":240,"h":256},
	"rotated": false,
	"trimmed": false,
	"spriteSourceSize": {"x":0,"y":0,"w":240,"h":256},
	"sourceSize": {"w":240,"h":256}
},
"btn_again_press0000":
{
	"frame": {"x":260,"y":10,"w":240,"h":240},
	"rotated": false,
	"trimmed": false,
	"spriteSourceSize": {"x":0,"y":0,"w":240,"h":240},
	"sourceSize": {"w":240,"h":240}
},
"btn_cancel0000":
{
	"frame": {"x":510,"y":10,"w":240,"h":256},
	"rotated": false,
	"trimmed": false,
	"spriteSourceSize": {"x":0,"y":0,"w":240,"h":256},
	"sourceSize": {"w":240,"h":256}
},
"btn_cancel_press0000":
{
	"frame": {"x":760,"y":10,"w":240,"h":240},
	"rotated": false,
	"trimmed": false,
	"spriteSourceSize": {"x":0,"y":0,"w":240,"h":240},
	"sourceSize": {"w":240,"h":240}
},
"btn_confirm0000":
{
	"frame": {"x":10,"y":276,"w":240,"h":256},
	"rotated": false,
	"trimmed": false,
	"spriteSourceSize": {"x":0,"y":0,"w":240,"h":256},
	"sourceSize": {"w":240,"h":256}
},
"btn_confirm_press0000":
{
	"frame": {"x":260,"y":276,"w":240,"h":240},
	"rotated": false,
	"trimmed": false,
	"spriteSourceSize": {"x":0,"y":0,"w":240,"h":240},
	"sourceSize": {"w":240,"h":240}
},
"btn_home0000":
{
	"frame": {"x":510,"y":276,"w":170,"h":181},
	"rotated": false,
	"trimmed": false,
	"spriteSourceSize": {"x":0,"y":0,"w":170,"h":181},
	"sourceSize": {"w":170,"h":181}
},
"btn_home_press0000":
{
	"frame": {"x":690,"y":276,"w":140,"h":140},
	"rotated": false,
	"trimmed": false,
	"spriteSourceSize": {"x":0,"y":0,"w":140,"h":140},
	"sourceSize": {"w":140,"h":140}
},
"btn_next0000":
{
	"frame": {"x":10,"y":542,"w":240,"h":256},
	"rotated": false,
	"trimmed": false,
	"spriteSourceSize": {"x":0,"y":0,"w":240,"h":256},
	"sourceSize": {"w":240,"h":256}
},
"btn_next_press0000":
{
	"frame": {"x":260,"y":542,"w":240,"h":240},
	"rotated": false,
	"trimmed": false,
	"spriteSourceSize": {"x":0,"y":0,"w":240,"h":240},
	"sourceSize": {"w":240,"h":240}
},
"btn_play":
{
	"frame": {"x":510,"y":542,"w":292,"h":313},
	"rotated": false,
	"trimmed": false,
	"spriteSourceSize": {"x":0,"y":0,"w":292,"h":313},
	"sourceSize": {"w":292,"h":313}
},
"btn_play_press0000":
{
	"frame": {"x":10,"y":865,"w":275,"h":275},
	"rotated": false,
	"trimmed": false,
	"spriteSourceSize": {"x":0,"y":0,"w":275,"h":275},
	"sourceSize": {"w":275,"h":275}
},
"btn_sound_OFF0000":
{
	"frame": {"x":295,"y":865,"w":130,"h":138},
	"rotated": false,
	"trimmed": false,
	"spriteSourceSize": {"x":0,"y":0,"w":130,"h":138},
	"sourceSize": {"w":130,"h":138}
},
"btn_sound_ON0000":
{
	"frame": {"x":435,"y":865,"w":130,"h":138},
	"rotated": false,
	"trimmed": false,
	"spriteSourceSize": {"x":0,"y":0,"w":130,"h":138},
	"sourceSize": {"w":130,"h":138}
},
"btn_sound_press0000":
{
	"frame": {"x":575,"y":865,"w":105,"h":105},
	"rotated": false,
	"trimmed": false,
	"spriteSourceSize": {"x":0,"y":0,"w":105,"h":105},
	"sourceSize": {"w":105,"h":105}
},
"ribbon0000":
{
	"frame": {"x":10,"y":1150,"w":730,"h":415},
	"rotated": false,
	"trimmed": false,
	"spriteSourceSize": {"x":0,"y":0,"w":730,"h":415},
	"sourceSize": {"w":730,"h":415}
},
"star0000":
{
	"frame": {"x":750,"y":1150,"w":225,"h":217},
	"rotated": false,
	"trimmed": false,
	"spriteSourceSize": {"x":0,"y":0,"w":225,"h":217},
	"sourceSize": {"w":225,"h":217}
},
"star_bar0000":
{
	"frame": {"x":10,"y":1575,"w":346,"h":165},
	"rotated": false,
	"trimmed": false,
	"spriteSourceSize": {"x":0,"y":0,"w":346,"h":165},
	"sourceSize": {"w":346,"h":165}
},
"star_slot0000":
{
	"frame": {"x":366,"y":1575,"w":181,"h":173},
	"rotated": false,
	"trimmed": false,
	"spriteSourceSize": {"x":0,"y":0,"w":181,"h":173},
	"sourceSize": {"w":181,"h":173}
}},
"meta": {
	"app": "Adobe Animate",
	"version": "15.2.1.95",
	"image": "football_UI.png",
	"format": "RGBA8888",
	"size": {"w":1024,"h":2048},
	"scale": "1"
}
}
