﻿{"frames": {

"hatch4x40000":
{
	"frame": {"x":10,"y":10,"w":200,"h":28},
	"rotated": false,
	"trimmed": true,
	"spriteSourceSize": {"x":14,"y":0,"w":228,"h":115},
	"sourceSize": {"w":228,"h":115}
},
"hatch4x40001":
{
	"frame": {"x":220,"y":10,"w":215,"h":77},
	"rotated": false,
	"trimmed": true,
	"spriteSourceSize": {"x":7,"y":3,"w":228,"h":115},
	"sourceSize": {"w":228,"h":115}
},
"hatch4x40002":
{
	"frame": {"x":10,"y":97,"w":223,"h":99},
	"rotated": false,
	"trimmed": true,
	"spriteSourceSize": {"x":3,"y":7,"w":228,"h":115},
	"sourceSize": {"w":228,"h":115}
},
"hatch4x40003":
{
	"frame": {"x":243,"y":97,"w":227,"h":104},
	"rotated": false,
	"trimmed": true,
	"spriteSourceSize": {"x":1,"y":11,"w":228,"h":115},
	"sourceSize": {"w":228,"h":115}
},
"hatch4x40004":
{
	"frame": {"x":10,"y":211,"w":227,"h":101},
	"rotated": false,
	"trimmed": true,
	"spriteSourceSize": {"x":1,"y":14,"w":228,"h":115},
	"sourceSize": {"w":228,"h":115}
},
"hatch4x40005":
{
	"frame": {"x":247,"y":211,"w":228,"h":100},
	"rotated": false,
	"trimmed": true,
	"spriteSourceSize": {"x":0,"y":14,"w":228,"h":115},
	"sourceSize": {"w":228,"h":115}
},
"hatch4x40006":
{
	"frame": {"x":10,"y":211,"w":227,"h":101},
	"rotated": false,
	"trimmed": true,
	"spriteSourceSize": {"x":1,"y":14,"w":228,"h":115},
	"sourceSize": {"w":228,"h":115}
},
"hatch4x40007":
{
	"frame": {"x":243,"y":97,"w":227,"h":104},
	"rotated": false,
	"trimmed": true,
	"spriteSourceSize": {"x":1,"y":11,"w":228,"h":115},
	"sourceSize": {"w":228,"h":115}
},
"hatch4x40008":
{
	"frame": {"x":10,"y":97,"w":223,"h":99},
	"rotated": false,
	"trimmed": true,
	"spriteSourceSize": {"x":3,"y":7,"w":228,"h":115},
	"sourceSize": {"w":228,"h":115}
},
"hatch4x40009":
{
	"frame": {"x":220,"y":10,"w":215,"h":77},
	"rotated": false,
	"trimmed": true,
	"spriteSourceSize": {"x":7,"y":3,"w":228,"h":115},
	"sourceSize": {"w":228,"h":115}
},
"hatch4x40010":
{
	"frame": {"x":10,"y":10,"w":200,"h":28},
	"rotated": false,
	"trimmed": true,
	"spriteSourceSize": {"x":14,"y":0,"w":228,"h":115},
	"sourceSize": {"w":228,"h":115}
}},
"meta": {
	"app": "Adobe Animate",
	"version": "15.2.1.95",
	"image": "hatch4x4.png",
	"format": "RGBA8888",
	"size": {"w":512,"h":512},
	"scale": "1"
}
}
