{
    "gameName":"SG",
    "isbn":"NR-6-9781328886699",
    "GameGuid":"3210126494",
    "grade":"g6",
    "gradeLabel":"Grade 6",
    "testMode":true,
    "levelData":
[
        {
            "id":"SG-G6-01",
            "parentId":"",
            "title":"Tutorial Level 1",
            "lessons":null,
            "gridSize":3,
            "sliderType":"Ratio",
            "equationType":null,
            "var0":null,
            "var1":null,
            "var2":null,
            "var3":null,
             "frequency":
               {
                     "goodGuys":0.5,
                     "badGuys":0,
                     "comboTiles":0
                },
             "slider":
               {
                 "height":null,
                 "total":"D(4)",
                 "min":"D(1)",
                 "max":"D(1)",
                 "interval":null
                },
             "grid":
               {
                   "values":["D(1)", "D(3)"]
              },
             "scoring":
               {
                 "starThreshold":1,
                 "loseThreshold":2
               },
             "tutorial":
               {
                     "T1":"GoodGuy_Tutorial.mp4"
               },
            "keywords":"tutorial",
            "meaningfulDescription":"students learn how to beat a level of the game"
        },
        {
            "id":"SG-G6-02",
            "parentId":"SG-G6-01",
            "title":"Tutorial Level 2",
            "lessons":null,
            "gridSize":3,
            "sliderType":"Ratio",
            "equationType":null,
            "var0":null,
            "var1":null,
            "var2":null,
            "var3":null,
             "frequency":
               {
                     "goodGuys":0.5,
                     "badGuys":0,
                     "comboTiles":0
                },
             "slider":
               {
                 "height":null,
                 "total":"D(4)",
                 "min":"D(1)",
                 "max":"D(3)",
                 "interval":"D(1)"
                },
             "grid":
               {
                   "values":["D(1)", "D(2)", "D(3)"]
              },
             "scoring":
               {
                 "starThreshold":1,
                 "loseThreshold":3
               },
             "tutorial":
               {
                     "T1":"Slider_Tutorial.mp4"
               },
            "keywords":"tutorial",
            "meaningfulDescription":"students learn how to use the slider mechanic of the game"
        },
        {
            "id":"SG-G6-03",
            "parentId":"SG-G6-02",
            "title":"Tutorial Level 3",
            "lessons":null,
            "gridSize":3,
            "sliderType":"Ratio",
            "equationType":null,
            "var0":null,
            "var1":null,
            "var2":null,
            "var3":null,
             "frequency":
               {
                     "goodGuys":0.35,
                     "badGuys":0.25,
                     "comboTiles":0
                },
             "slider":
               {
                 "height":null,
                 "total":"D(4)",
                 "min":"D(1)",
                 "max":"D(3)",
                 "interval":"D(1)"
                },
             "grid":
               {
                   "values":["D(1)", "D(2)", "D(3)"]
              },
             "scoring":
               {
                 "starThreshold":2,
                 "loseThreshold":1
               },
             "tutorial":
               {
                     "T1":null
               },
            "keywords":"tutorial",
            "meaningfulDescription":"students learn how to lose a level of the game"
        },
        {
            "id":"SG-G6-03-01",
            "parentId":"SG-G6-03",
            "title":"Tutorial Level 4",
            "lessons":null,
            "gridSize":3,
            "sliderType":"Ratio",
            "equationType":"ratioEquals",
            "var0":null,
            "var1":null,
            "var2":null,
            "var3":null,
             "frequency":
               {
                     "goodGuys":0.35,
                     "badGuys":0.25,
                     "comboTiles":0
                },
             "slider":
               {
                 "height":null,
                 "total":"D(4)",
                 "min":"D(1)",
                 "max":"D(1)",
                 "interval":null
                },
             "grid":
               {
                   "values":["D(5)", "D(15)"]
              },
             "scoring":
               {
                 "starThreshold":2,
                 "loseThreshold":3
               },
             "tutorial":
               {
                     "T1":null
               },
            "keywords":"tutorial",
            "meaningfulDescription":"students learn how to play ratio levels of the game"
        },
        {
            "id":"SG-G6-04",
            "parentId":"SG-G6-03-01",
            "title":"Basic Ratios",
            "lessons":["1-8, 1-9"],
            "gridSize":3,
            "sliderType":"Ratio",
            "equationType":"ratioEquals",
            "var0":null,
            "var1":null,
            "var2":null,
            "var3":null,
             "frequency":
               {
                     "goodGuys":0.3,
                     "badGuys":0.1,
                     "comboTiles":0
                },
             "slider":
               {
                 "height":null,
                 "total":"D(5)",
                 "min":"D(1)",
                 "max":"D(4)",
                 "interval":"D(1)"
                },
             "grid":
               {
                   "values":["D(2)", "D(4)", "D(6)", "D(8)"]
              },
             "scoring":
               {
                 "starThreshold":2,
                 "loseThreshold":5
               },
             "tutorial":
               {
                     "T1":null
               },
            "keywords":"ratios, multiplication, equal ratios, simplified ratios, equivalent fractions, equivalent ratios, whole numbers",
            "meaningfulDescription":"students identify basic equivalent ratios"
        },
        {
            "id":"SG-G6-05",
            "parentId":"SG-G6-04",
            "title":"Equivalent Ratios",
            "lessons":["1-9"],
            "gridSize":3,
            "sliderType":"Ratio",
            "equationType":"ratioColons",
            "var0":null,
            "var1":null,
            "var2":null,
            "var3":null,
             "frequency":
               {
                     "goodGuys":0.3,
                     "badGuys":0.1,
                     "comboTiles":0.35
                },
             "slider":
               {
                 "height":null,
                 "total":"D(3)",
                 "min":"D(1)",
                 "max":"D(2)",
                 "interval":"D(1)"
                },
             "grid":
               {
                   "values":["D(2)", "D(3)", "D(4)", "D(6)", "D(8)"]
              },
             "scoring":
               {
                 "starThreshold":2,
                 "loseThreshold":5
               },
             "tutorial":
               {
                     "T1":"BonusTiles_Tutorial.mp4"
               },
            "keywords":"ratios, multiplication, equal ratios, simplified ratios, equivalent fractions, equivalent ratios, whole numbers",
            "meaningfulDescription":"students identify basic ratios equivalent to 2:1"
        },
        {
            "id":"SG-G6-06",
            "parentId":"SG-G6-05",
            "title":"Seeing Proportions",
            "lessons":["1-10"],
            "gridSize":4,
            "sliderType":"Ratio",
            "equationType":"ratioColons",
            "var0":null,
            "var1":null,
            "var2":null,
            "var3":null,
             "frequency":
               {
                     "goodGuys":0.35,
                     "badGuys":0.1,
                     "comboTiles":0.35
                },
             "slider":
               {
                 "height":null,
                 "total":"D(3)",
                 "min":"D(1)",
                 "max":"D(2)",
                 "interval":"D(1)"
                },
             "grid":
               {
                   "values":["D(2)", "D(4)", "D(5)", "D(10)", "D(20)", "D(50)", "D(100)"]
              },
             "scoring":
               {
                 "starThreshold":3,
                 "loseThreshold":4
               },
             "tutorial":
               {
                     "T1":null
               },
            "keywords":"ratios, multiplication, equal ratios, simplified ratios, equivalent fractions, equivalent ratios, whole numbers, proportions, proportionality, hundred",
            "meaningfulDescription":"students identify ratios equivalent to 2:1"
        },
        {
            "id":"SG-G6-07",
            "parentId":"SG-G6-06",
            "title":"Multiples of Ten",
            "lessons":["1-10"],
            "gridSize":4,
            "sliderType":"Ratio",
            "equationType":"ratioColons",
            "var0":null,
            "var1":null,
            "var2":null,
            "var3":null,
             "frequency":
               {
                     "goodGuys":0.35,
                     "badGuys":0.1,
                     "comboTiles":0.2
                },
             "slider":
               {
                 "height":null,
                 "total":"D(10)",
                 "min":"D(2)",
                 "max":"D(8)",
                 "interval":"D(2)"
                },
             "grid":
               {
                   "values":["D(10)", "D(20)", "D(30)", "D(40)", "D(60)", "D(80)"]
              },
             "scoring":
               {
                 "starThreshold":3,
                 "loseThreshold":4
               },
             "tutorial":
               {
                     "T1":null
               },
            "keywords":"ratios, multiplication, equal ratios, simplified ratios, equivalent fractions, equivalent ratios, whole numbers, proportions, proportionality, multiples of 10",
            "meaningfulDescription":"students identify ratios where each ratio part is a multiple of 10"
        },
        {
            "id":"SG-G6-08",
            "parentId":"SG-G6-07",
            "title":"Unit Rates",
            "lessons":["7-2"],
            "gridSize":4,
            "sliderType":"Ratio",
            "equationType":"ratioColons",
            "var0":null,
            "var1":null,
            "var2":null,
            "var3":null,
             "frequency":
               {
                     "goodGuys":0.4,
                     "badGuys":0.15,
                     "comboTiles":0.2
                },
             "slider":
               {
                 "height":null,
                 "total":"D(6)",
                 "min":"D(1)",
                 "max":"D(5)",
                 "interval":"D(1)"
                },
             "grid":
               {
                   "values":["F(1, 5)", "F(1, 2)", "D(1)"]
              },
             "scoring":
               {
                 "starThreshold":3,
                 "loseThreshold":4
               },
             "tutorial":
               {
                     "T1":null
               },
            "keywords":"rates, unit rates, fractions, halves, fifths, ratios, multiplication, equal ratios, simplified ratios, equivalent ratios, fractional ratios",
            "meaningfulDescription":"students identify ratios where one of the ratio parts is 1"
        },
        {
            "id":"SG-G6-09",
            "parentId":"SG-G6-08",
            "title":"Equivalent Fractions",
            "lessons":["7-3"],
            "gridSize":4,
            "sliderType":"Ratio",
            "equationType":"twoEquationsRatio",
            "var0":null,
            "var1":null,
            "var2":null,
            "var3":null,
             "frequency":
               {
                     "goodGuys":0.35,
                     "badGuys":0.15,
                     "comboTiles":0.25
                },
             "slider":
               {
                 "height":null,
                 "total":"D(1)",
                 "min":"F(1, 5)",
                 "max":"F(4, 5)",
                 "interval":"F(1, 5)"
                },
             "grid":
               {
                   "values":["F(2, 10)", "F(4, 10)", "F(6, 10)", "F(8, 10)"]
              },
             "scoring":
               {
                 "starThreshold":3,
                 "loseThreshold":4
               },
             "tutorial":
               {
                     "T1":null
               },
            "keywords":"equivalent fractions, rewriting fractions, tenths, fifths, fractions, fractions less than one, simplifying fractions, reducing fractions",
            "meaningfulDescription":"students express fifths less than one in equivalent tenths"
        },
        {
            "id":"SG-G6-09-01",
            "parentId":"SG-G6-09",
            "title":"Equivalent Fractions with Fifitieths",
            "lessons":["7-3"],
            "gridSize":4,
            "sliderType":"Ratio",
            "equationType":"twoEquationsRatio",
            "var0":null,
            "var1":null,
            "var2":null,
            "var3":null,
             "frequency":
               {
                     "goodGuys":0.35,
                     "badGuys":0.15,
                     "comboTiles":0.25
                },
             "slider":
               {
                 "height":null,
                 "total":"D(1)",
                 "min":"F(1, 5)",
                 "max":"F(4, 5)",
                 "interval":"F(1, 5)"
                },
             "grid":
               {
                   "values":["F(10, 50)", "F(20, 50)", "F(30, 50)", "F(40, 50)"]
              },
             "scoring":
               {
                 "starThreshold":3,
                 "loseThreshold":4
               },
             "tutorial":
               {
                     "T1":null
               },
            "keywords":"equivalent fractions, rewriting fractions, fifths, fiftieths, fractions, fractions less than one, simplifying fractions, reducing fractions",
            "meaningfulDescription":"students express fifths less than one in equivalent fiftieths"
        },
        {
            "id":"SG-G6-10",
            "parentId":"SG-G6-09-01",
            "title":"Ratios with Fractions",
            "lessons":["7-3"],
            "gridSize":4,
            "sliderType":"Ratio",
            "equationType":"ratioColons",
            "var0":null,
            "var1":null,
            "var2":null,
            "var3":null,
             "frequency":
               {
                     "goodGuys":0.35,
                     "badGuys":0.2,
                     "comboTiles":0.25
                },
             "slider":
               {
                 "height":null,
                 "total":"D(5)",
                 "min":"D(1)",
                 "max":"D(4)",
                 "interval":"D(1)"
                },
             "grid":
               {
                   "values":["F(1, 5)", "F(2, 5)", "F(3, 5)", "F(4, 5)"]
              },
             "scoring":
               {
                 "starThreshold":3,
                 "loseThreshold":4
               },
             "tutorial":
               {
                     "T1":null
               },
            "keywords":"equivalent fractions, rewriting fractions, fifths, fractions, fractions less than one, ratios with fractions, fractional ratios, unit fractions",
            "meaningfulDescription":"students create ratios where both parts are fraction fifths"
        },
        {
            "id":"SG-G6-11",
            "parentId":"SG-G6-10",
            "title":"Reading Ratios with Fractions",
            "lessons":["7-3"],
            "gridSize":4,
            "sliderType":"Ratio",
            "equationType":"ratioColons",
            "var0":null,
            "var1":null,
            "var2":null,
            "var3":null,
             "frequency":
               {
                     "goodGuys":0.35,
                     "badGuys":0.2,
                     "comboTiles":0.25
                },
             "slider":
               {
                 "height":null,
                 "total":"D(1)",
                 "min":"F(1, 5)",
                 "max":"F(4, 5)",
                 "interval":"F(1, 5)"
                },
             "grid":
               {
                   "values":["D(1)", "D(2)", "D(3)", "D(4)", "D(6)", "D(8)"]
              },
             "scoring":
               {
                 "starThreshold":3,
                 "loseThreshold":4
               },
             "tutorial":
               {
                     "T1":null
               },
            "keywords":"equivalent fractions, rewriting fractions, fifths, fractions, fractions less than one, ratios with fractions, fractional ratios, unit fractions",
            "meaningfulDescription":"students interpret ratios where both parts are fraction fifths"
        },
        {
            "id":"SG-G6-12",
            "parentId":"SG-G6-11",
            "title":"Percent as Fractions",
            "lessons":["7-8"],
            "gridSize":4,
            "sliderType":"Ratio",
            "equationType":"twoEquationsRatio",
            "var0":null,
            "var1":null,
            "var2":null,
            "var3":null,
             "frequency":
               {
                     "goodGuys":0.35,
                     "badGuys":0.2,
                     "comboTiles":0.3
                },
             "slider":
               {
                 "height":null,
                 "total":"P(100)",
                 "min":"P(0)",
                 "max":"P(100)",
                 "interval":"P(25)"
                },
             "grid":
               {
                   "values":["D(0)", "F(1, 4)", "F(1, 2)", "F(3, 4)", "D(1)"]
              },
             "scoring":
               {
                 "starThreshold":4,
                 "loseThreshold":4
               },
             "tutorial":
               {
                     "T1":null
               },
            "keywords":"percent as fractions, percent, percentage, fractions, fourths, simplifying fractions, rewriting fractions",
            "meaningfulDescription":"students rewrite percent as fractions"
        },
        {
            "id":"SG-G6-13",
            "parentId":"SG-G6-12",
            "title":"Percent as Decimals",
            "lessons":["7-8"],
            "gridSize":4,
            "sliderType":"Ratio",
            "equationType":"twoEquationsRatio",
            "var0":null,
            "var1":null,
            "var2":null,
            "var3":null,
             "frequency":
               {
                     "goodGuys":0.35,
                     "badGuys":0.2,
                     "comboTiles":0.25
                },
             "slider":
               {
                 "height":null,
                 "total":"P(100)",
                 "min":"P(0)",
                 "max":"P(100)",
                 "interval":"P(25)"
                },
             "grid":
               {
                   "values":["D(0)", "D(0.25)", "D(0.5)", "D(0.75)", "D(1)"]
              },
             "scoring":
               {
                 "starThreshold":4,
                 "loseThreshold":4
               },
             "tutorial":
               {
                     "T1":null
               },
            "keywords":"percent as decimals, percent, percentage, decimals, fourths, writing percent as decimals",
            "meaningfulDescription":"students rewrite percent as decimals"
        },
        {
            "id":"SG-G6-14",
            "parentId":"SG-G6-13",
            "title":"Percent as Fractions and Decimals",
            "lessons":["7-8"],
            "gridSize":4,
            "sliderType":"Ratio",
            "equationType":"twoEquationsRatio",
            "var0":null,
            "var1":null,
            "var2":null,
            "var3":null,
             "frequency":
               {
                     "goodGuys":0.35,
                     "badGuys":0.2,
                     "comboTiles":0.25
                },
             "slider":
               {
                 "height":null,
                 "total":"P(100)",
                 "min":"P(25)",
                 "max":"P(75)",
                 "interval":"P(25)"
                },
             "grid":
               {
                   "values":["F(1, 4)", "F(1, 2)", "F(3, 4)", "D(0.25)", "D(0.5)", "D(0.75)"]
              },
             "scoring":
               {
                 "starThreshold":4,
                 "loseThreshold":4
               },
             "tutorial":
               {
                     "T1":null
               },
            "keywords":"percent as fractions, percent, percentage, fractions, fourths, simplifying fractions, rewriting fractions, percent as decimals, decimals, writing percent as decimals, fractions as decimals, decimals as fractions",
            "meaningfulDescription":"students rewrite percent as fractions and decimals"
        }
    ]
}
