{
    "gameName":"SG",
    "isbn":"NR-5-9781328524416",
    "GameGuid":"3210032217",
    "grade":"g5",
    "gradeLabel":"Grado 5",
    "testMode":true,
    "levelData":
[
        {
            "id":"SG-G5-01",
            "parentId":"",
            "title":"Tutorial Nivel 1",
            "lessons":null,
            "gridSize":3,
            "sliderType":"Ratio",
            "equationType":null,
            "var0":null,
            "var1":null,
            "var2":null,
            "var3":null,
             "frequency":
               {
                     "goodGuys":0.5,
                     "badGuys":0,
                     "comboTiles":0
                },
             "slider":
               {
                 "height":null,
                 "total":"D(4)",
                 "min":"D(1)",
                 "max":"D(1)",
                 "interval":null
                },
             "grid":
               {
                   "values":["D(1)", "D(3)"]
              },
             "scoring":
               {
                 "starThreshold":1,
                 "loseThreshold":2
               },
             "tutorial":
               {
                     "T1":"GoodGuy_Tutorial.mp4"
               },
            "keywords":"tutorial",
            "meaningfulDescription":"los estudiantes aprenden cómo ganarle a un nivel del  juego"
        },
        {
            "id":"SG-G5-02",
            "parentId":"SG-G5-01",
            "title":"Tutorial Nivel 2",
            "lessons":null,
            "gridSize":3,
            "sliderType":"Ratio",
            "equationType":null,
            "var0":null,
            "var1":null,
            "var2":null,
            "var3":null,
             "frequency":
               {
                     "goodGuys":0.5,
                     "badGuys":0,
                     "comboTiles":0
                },
             "slider":
               {
                 "height":null,
                 "total":"D(4)",
                 "min":"D(1)",
                 "max":"D(3)",
                 "interval":"D(1)"
                },
             "grid":
               {
                   "values":["D(1)", "D(2)", "D(3)"]
              },
             "scoring":
               {
                 "starThreshold":1,
                 "loseThreshold":3
               },
             "tutorial":
               {
                     "T1":"Slider_Tutorial.mp4"
               },
            "keywords":"tutorial",
            "meaningfulDescription":"los estudiantes aprenden a usar la mecánica de desplazamiento del juego"
        },
        {
            "id":"SG-G5-03",
            "parentId":"SG-G5-02",
            "title":"Tutorial Nivel 3",
            "lessons":null,
            "gridSize":3,
            "sliderType":"Ratio",
            "equationType":null,
            "var0":null,
            "var1":null,
            "var2":null,
            "var3":null,
             "frequency":
               {
                     "goodGuys":0.35,
                     "badGuys":0.25,
                     "comboTiles":0
                },
             "slider":
               {
                 "height":null,
                 "total":"D(4)",
                 "min":"D(1)",
                 "max":"D(3)",
                 "interval":"D(1)"
                },
             "grid":
               {
                   "values":["D(1)", "D(2)", "D(3)"]
              },
             "scoring":
               {
                 "starThreshold":1,
                 "loseThreshold":1
               },
             "tutorial":
               {
                     "T1":null
               },
            "keywords":"tutorial",
            "meaningfulDescription":"los estudiantes aprenden cómo perder un nivel del  juego"
        },
        {
            "id":"SG-G5-04",
            "parentId":"SG-G5-03",
            "title":"Fracciones equivalentes",
            "lessons":["1-1"],
            "gridSize":3,
            "sliderType":"Ratio",
            "equationType":"twoEquationsRatio",
            "var0":null,
            "var1":null,
            "var2":null,
            "var3":null,
             "frequency":
               {
                     "goodGuys":0.3,
                     "badGuys":0.1,
                     "comboTiles":0
                },
             "slider":
               {
                 "height":null,
                 "total":"D(1)",
                 "min":"F(1, 5)",
                 "max":"F(4, 5)",
                 "interval":"F(1, 5)"
                },
             "grid":
               {
                   "values":["F(2, 10)", "F(4, 10)", "F(6, 10)", "F(8, 10)"]
              },
             "scoring":
               {
                 "starThreshold":1,
                 "loseThreshold":5
               },
             "tutorial":
               {
                     "T1":null
               },
            "keywords":"fracciones, fracciones equivalentes, simplificar, décimos, múltiplos de 10, quintos",
            "meaningfulDescription":"los estudiantes identifican fracciones iguales a múltiplos de un quinto"
        },
        {
            "id":"SG-G5-04-01",
            "parentId":"SG-G5-04",
            "title":"Fracciones equivalentes  con quincuagésimos",
            "lessons":["1-1"],
            "gridSize":3,
            "sliderType":"Ratio",
            "equationType":"twoEquationsRatio",
            "var0":null,
            "var1":null,
            "var2":null,
            "var3":null,
             "frequency":
               {
                     "goodGuys":0.3,
                     "badGuys":0.1,
                     "comboTiles":0
                },
             "slider":
               {
                 "height":null,
                 "total":"D(1)",
                 "min":"F(1, 5)",
                 "max":"F(4, 5)",
                 "interval":"F(1, 5)"
                },
             "grid":
               {
                   "values":["F(10, 50)", "F(20, 50)", "F(30, 50)", "F(40, 50)"]
              },
             "scoring":
               {
                 "starThreshold":2,
                 "loseThreshold":5
               },
             "tutorial":
               {
                     "T1":null
               },
            "keywords":"fracciones, fracciones equivalentes, simplificar, quincuagésimos, múltiplos de 10, quintos",
            "meaningfulDescription":"los estudiantes identifican fracciones iguales a múltiplos de un quinto"
        },
        {
            "id":"SG-G5-05",
            "parentId":"SG-G5-04-01",
            "title":"Simplificar fracciones",
            "lessons":["1-2"],
            "gridSize":3,
            "sliderType":"Ratio",
            "equationType":"twoEquationsRatio",
            "var0":null,
            "var1":null,
            "var2":null,
            "var3":null,
             "frequency":
               {
                     "goodGuys":0.3,
                     "badGuys":0.1,
                     "comboTiles":0.3
                },
             "slider":
               {
                 "height":null,
                 "total":"D(1)",
                 "min":"D(0)",
                 "max":"D(1)",
                 "interval":"F(1, 4)"
                },
             "grid":
               {
                   "values":["D(0)", "F(2, 8)", "F(4, 8)", "F(6, 8)", "F(8, 8)"]
              },
             "scoring":
               {
                 "starThreshold":2,
                 "loseThreshold":5
               },
             "tutorial":
               {
                     "T1":"BonusTiles_Tutorial.mp4"
               },
            "keywords":"fracciones, fracciones equivalentes, simplificar, simplificar fracciones, octavos, cuartos, tutorial",
            "meaningfulDescription":"los estudiantes identifican fracciones iguales a múltiplos de un cuarto"
        },
        {
            "id":"SG-G5-05-01",
            "parentId":"SG-G5-05",
            "title":"Simplificar fracciones con doceavos",
            "lessons":["1-2"],
            "gridSize":3,
            "sliderType":"Ratio",
            "equationType":"twoEquationsRatio",
            "var0":null,
            "var1":null,
            "var2":null,
            "var3":null,
             "frequency":
               {
                     "goodGuys":0.3,
                     "badGuys":0.1,
                     "comboTiles":0.3
                },
             "slider":
               {
                 "height":null,
                 "total":"D(1)",
                 "min":"D(0)",
                 "max":"D(1)",
                 "interval":"F(1, 4)"
                },
             "grid":
               {
                   "values":["D(0)", "F(3, 12)", "F(1, 2)", "F(6, 12)", "F(9, 12)", "D(1)"]
              },
             "scoring":
               {
                 "starThreshold":2,
                 "loseThreshold":5
               },
             "tutorial":
               {
                     "T1":null
               },
            "keywords":"fracciones, fracciones equivalentes, simplificar, simplificar fracciones, doceavos, cuartos, tutorial, mitades",
            "meaningfulDescription":"los estudiantes identifican fracciones iguales a múltiplos de un cuarto"
        },
        {
            "id":"SG-G5-06",
            "parentId":"SG-G5-05-01",
            "title":"Cadenas de fracciones equivalentes",
            "lessons":["1-3"],
            "gridSize":3,
            "sliderType":"Ratio",
            "equationType":"twoEquationsRatio",
            "var0":null,
            "var1":null,
            "var2":null,
            "var3":null,
             "frequency":
               {
                     "goodGuys":0.35,
                     "badGuys":0.1,
                     "comboTiles":0.2
                },
             "slider":
               {
                 "height":null,
                 "total":"D(1)",
                 "min":"F(1, 4)",
                 "max":"F(3, 4)",
                 "interval":"F(1, 4)"
                },
             "grid":
               {
                   "values":["F(2, 8)", "F(4, 8)", "F(6, 8)"]
              },
             "scoring":
               {
                 "starThreshold":2,
                 "loseThreshold":4
               },
             "tutorial":
               {
                     "T1":null
               },
            "keywords":"fracciones, cadenas de fracciones equivalentes, fracciones equivalentes, simplificar fracciones, cuartos, octavos",
            "meaningfulDescription":"los estudiantes identifican cadenas de fracciones equivalentes a múltiplos de un cuarto"
        },
        {
            "id":"SG-G5-06-01",
            "parentId":"SG-G5-06",
            "title":"Cadenas de fracciones equivalentes con doceavos",
            "lessons":["1-3"],
            "gridSize":3,
            "sliderType":"Ratio",
            "equationType":"twoEquationsRatio",
            "var0":null,
            "var1":null,
            "var2":null,
            "var3":null,
             "frequency":
               {
                     "goodGuys":0.35,
                     "badGuys":0.1,
                     "comboTiles":0.2
                },
             "slider":
               {
                 "height":null,
                 "total":"D(1)",
                 "min":"F(1, 4)",
                 "max":"F(3, 4)",
                 "interval":"F(1, 4)"
                },
             "grid":
               {
                   "values":["F(3, 12)", "F(6, 12)", "F(9, 12)"]
              },
             "scoring":
               {
                 "starThreshold":2,
                 "loseThreshold":4
               },
             "tutorial":
               {
                     "T1":null
               },
            "keywords":"fracciones, cadenas de fracciones equivalentes, fracciones equivalentes, simplificar fracciones, cuartos, doceavos",
            "meaningfulDescription":"los estudiantes identifican cadenas de fracciones equivalentes a múltiplos de un cuarto"
        },
        {
            "id":"SG-G5-06-02",
            "parentId":"SG-G5-06-01",
            "title":"Cadenas de fracciones equivalentes con dieciseisavos",
            "lessons":["1-3"],
            "gridSize":4,
            "sliderType":"Ratio",
            "equationType":"twoEquationsRatio",
            "var0":null,
            "var1":null,
            "var2":null,
            "var3":null,
             "frequency":
               {
                     "goodGuys":0.35,
                     "badGuys":0.1,
                     "comboTiles":0.35
                },
             "slider":
               {
                 "height":null,
                 "total":"D(1)",
                 "min":"F(1, 4)",
                 "max":"F(3, 4)",
                 "interval":"F(1, 4)"
                },
             "grid":
               {
                   "values":["F(4, 16)", "F(8, 16)", "F(12, 16)"]
              },
             "scoring":
               {
                 "starThreshold":3,
                 "loseThreshold":4
               },
             "tutorial":
               {
                     "T1":null
               },
            "keywords":"fracciones, cadenas de fracciones equivalentes, fracciones equivalentes, simplificar fracciones, cuartos, dieciseisavos",
            "meaningfulDescription":"los estudiantes identifican cadenas de fracciones equivalentes a múltiplos de un cuarto"
        },
        {
            "id":"SG-G5-07",
            "parentId":"SG-G5-06-02",
            "title":"Relacionar fracciones y decimales",
            "lessons":["2-1"],
            "gridSize":4,
            "sliderType":"Ratio",
            "equationType":"twoEquationsRatio",
            "var0":null,
            "var1":null,
            "var2":null,
            "var3":null,
             "frequency":
               {
                     "goodGuys":0.35,
                     "badGuys":0.1,
                     "comboTiles":0.3
                },
             "slider":
               {
                 "height":null,
                 "total":"D(1)",
                 "min":"F(2, 10)",
                 "max":"F(8, 10)",
                 "interval":"F(2, 10)"
                },
             "grid":
               {
                   "values":["D(0.2)", "D(0.4)", "D(0.6)", "D(0.8)", "F(1, 5)", "F(2, 5)", "F(3, 5)", "F(4, 5)"]
              },
             "scoring":
               {
                 "starThreshold":3,
                 "loseThreshold":4
               },
             "tutorial":
               {
                     "T1":null
               },
            "keywords":"fracciones, decimales, fracciones como decimales, decimales como fracciones, reescribir fracciones como decimales, simplificar fracciones, fracciones equivalentes, décimos, quintos",
            "meaningfulDescription":"los estudiantes identifican decimales equivalentes a fracciones con 5 y 10 como denominador"
        },
        {
            "id":"SG-G5-08",
            "parentId":"SG-G5-07",
            "title":"La propiedad distributiva",
            "lessons":["2-7"],
            "gridSize":4,
            "sliderType":"AreaModel",
            "equationType":"distributiveProp",
            "var0":null,
            "var1":null,
            "var2":null,
            "var3":null,
             "frequency":
               {
                     "goodGuys":0.4,
                     "badGuys":0.15,
                     "comboTiles":0.3
                },
             "slider":
               {
                 "height":"D(10)",
                 "total":"D(20)",
                 "min":"D(10)",
                 "max":"D(14)",
                 "interval":"D(2)"
                },
             "grid":
               {
                   "values":["D(60)", "D(80)", "D(100)", "D(120)", "D(140)"]
              },
             "scoring":
               {
                 "starThreshold":3,
                 "loseThreshold":4
               },
             "tutorial":
               {
                     "T1":null
               },
            "keywords":"propiedad distributiva, multiplicación, conteos en secuencia de a 10, multiplicar por 10, múltiplos de 10, sumas comunes, productos parciales, modelo de área",
            "meaningfulDescription":"los estudiantes multiplican factores por 10 aplicando la propiedad distributiva"
        },
        {
            "id":"SG-G5-09",
            "parentId":"SG-G5-08",
            "title":"Multiplicar un número entero por una fracción",
            "lessons":["3-4"],
            "gridSize":4,
            "sliderType":"AreaModel",
            "equationType":"twoEquationsArea",
            "var0":null,
            "var1":null,
            "var2":null,
            "var3":null,
             "frequency":
               {
                     "goodGuys":0.4,
                     "badGuys":0.15,
                     "comboTiles":0.25
                },
             "slider":
               {
                 "height":"F(1, 2)",
                 "total":"D(3)",
                 "min":"D(0)",
                 "max":"D(3)",
                 "interval":"D(1)"
                },
             "grid":
               {
                   "values":["D(0)", "F(1, 2)", "D(1)", "F(3, 2)"]
              },
             "scoring":
               {
                 "starThreshold":3,
                 "loseThreshold":4
               },
             "tutorial":
               {
                     "T1":null
               },
            "keywords":"propiedad distributiva, un medio, multiplicar una fracción por un número entero, multiplicar un número entero por una fracción, multiplicación, mitades, fracciones impropias, fracciones mayores que uno",
            "meaningfulDescription":"los estudiantes multiplican números enteros por la fracción un medio"
        },
        {
            "id":"SG-G5-10",
            "parentId":"SG-G5-09",
            "title":"Multiplicar fracciones",
            "lessons":["3-4"],
            "gridSize":4,
            "sliderType":"AreaModel",
            "equationType":"twoEquationsArea",
            "var0":null,
            "var1":null,
            "var2":null,
            "var3":null,
             "frequency":
               {
                     "goodGuys":0.4,
                     "badGuys":0.2,
                     "comboTiles":0.25
                },
             "slider":
               {
                 "height":"F(1, 2)",
                 "total":"D(1)",
                 "min":"F(3, 10)",
                 "max":"F(7, 10)",
                 "interval":"F(1, 10)"
                },
             "grid":
               {
                   "values":["F(3, 20)", "F(4, 20)", "F(5, 20)", "F(6, 20)", "F(7, 20)"]
              },
             "scoring":
               {
                 "starThreshold":3,
                 "loseThreshold":4
               },
             "tutorial":
               {
                     "T1":null
               },
            "keywords":"propiedad distributiva, un medio, multiplicar fracciones, multiplicar una fracción por una fracción, multiplicación, décimos, vigésimos, fracciones no simplificadas, fracciones no reducidas",
            "meaningfulDescription":"los estudiantes multiplican un medio por múltiplos de un décimo"
        },
        {
            "id":"SG-G5-11",
            "parentId":"SG-G5-10",
            "title":"Multiplicar fracciones y simplificar",
            "lessons":["3-4"],
            "gridSize":4,
            "sliderType":"AreaModel",
            "equationType":"twoEquationsArea",
            "var0":null,
            "var1":null,
            "var2":null,
            "var3":null,
             "frequency":
               {
                     "goodGuys":0.4,
                     "badGuys":0.2,
                     "comboTiles":0.25
                },
             "slider":
               {
                 "height":"F(1, 2)",
                 "total":"D(1)",
                 "min":"F(3, 10)",
                 "max":"F(7, 10)",
                 "interval":"F(1, 10)"
                },
             "grid":
               {
                   "values":["F(3, 20)", "F(2, 10)", "F(5, 20)", "F(3, 10)", "F(7, 20)"]
              },
             "scoring":
               {
                 "starThreshold":3,
                 "loseThreshold":4
               },
             "tutorial":
               {
                     "T1":null
               },
            "keywords":"propiedad distributiva, un medio, multiplicar fracciones, multiplicar una fracción por una fracción, multiplicación, décimos, vigésimos, fracciones simplificadas, fracciones reducidas",
            "meaningfulDescription":"los estudiantes multiplican un medio por múltiplos de un décimo y simplifican"
        },
        {
            "id":"SG-G5-12",
            "parentId":"SG-G5-11",
            "title":"Productos de números mixtos",
            "lessons":["3-6"],
            "gridSize":4,
            "sliderType":"AreaModel",
            "equationType":"twoEquationsArea",
            "var0":null,
            "var1":null,
            "var2":null,
            "var3":null,
             "frequency":
               {
                     "goodGuys":0.4,
                     "badGuys":0.2,
                     "comboTiles":0.3
                },
             "slider":
               {
                 "height":"D(2)",
                 "total":"D(5)",
                 "min":"F(1, 1, 2)",
                 "max":"F(3, 1, 2)",
                 "interval":"F(1, 2)"
                },
             "grid":
               {
                   "values":["D(3)", "D(4)", "D(5)", "D(6)", "D(7)"]
              },
             "scoring":
               {
                 "starThreshold":3,
                 "loseThreshold":4
               },
             "tutorial":
               {
                     "T1":null
               },
            "keywords":"números mixtos, productos de números mixtos, multiplicar un número entero por un número mixto, simplificar números mixtos, multiplicación, mitades",
            "meaningfulDescription":"los estudiantes multiplican un número mixto por 2"
        },
        {
            "id":"SG-G5-13",
            "parentId":"SG-G5-12",
            "title":"Multiplicar números mixtos",
            "lessons":["3-6"],
            "gridSize":4,
            "sliderType":"AreaModel",
            "equationType":"twoEquationsArea",
            "var0":null,
            "var1":null,
            "var2":null,
            "var3":null,
             "frequency":
               {
                     "goodGuys":0.35,
                     "badGuys":0.2,
                     "comboTiles":0.3
                },
             "slider":
               {
                 "height":"D(2)",
                 "total":"D(4)",
                 "min":"F(1, 2)",
                 "max":"F(3, 1, 2)",
                 "interval":"F(1, 2)"
                },
             "grid":
               {
                   "values":["D(1)", "D(2)", "D(3)", "D(4)", "D(5)", "D(6)", "D(7)"]
              },
             "scoring":
               {
                 "starThreshold":3,
                 "loseThreshold":4
               },
             "tutorial":
               {
                     "T1":null
               },
            "keywords":"números mixtos, productos de números mixtos, multiplicar un número entero por un número mixto, multiplicación, mitades",
            "meaningfulDescription":"los estudiantes multiplican un número mixto por 2 para obtener un número entero"
        },
        {
            "id":"SG-G5-14",
            "parentId":"SG-G5-13",
            "title":"Multiplicar por 10",
            "lessons":["4-1"],
            "gridSize":4,
            "sliderType":"AreaModel",
            "equationType":"distributiveProp",
            "var0":null,
            "var1":null,
            "var2":null,
            "var3":null,
             "frequency":
               {
                     "goodGuys":0.35,
                     "badGuys":0.2,
                     "comboTiles":0.25
                },
             "slider":
               {
                 "height":"D(10)",
                 "total":"D(20)",
                 "min":"D(7)",
                 "max":"D(13)",
                 "interval":"D(1)"
                },
             "grid":
               {
                   "values":["D(70)", "D(80)", "D(90)", "D(100)", "D(110)", "D(120)", "D(130)"]
              },
             "scoring":
               {
                 "starThreshold":4,
                 "loseThreshold":3
               },
             "tutorial":
               {
                     "T1":null
               },
            "keywords":"multiplicar, múltiplos de 10, multiplicar por 19, cambiar patrones, multiplicación, modelo de área, propiedad distributiva",
            "meaningfulDescription":"los estudiantes multiplican números de 1 y 2 dígitos por 10"
        },
        {
            "id":"SG-G5-15",
            "parentId":"SG-G5-14",
            "title":"Multiplicar un decimal por un número entero",
            "lessons":["4-6"],
            "gridSize":4,
            "sliderType":"AreaModel",
            "equationType":"distributiveProp",
            "var0":[1,2,3,4],
            "var1":null,
            "var2":null,
            "var3":null,
             "frequency":
               {
                     "goodGuys":0.35,
                     "badGuys":0.2,
                     "comboTiles":0.25
                },
             "slider":
               {
                 "height":"D(2)",
                 "total":"D(4 + var0)",
                 "min":"D(2)",
                 "max":"D(4)",
                 "interval":"D(1)"
                },
             "grid":
               {
                   "values":["D(4)", "D(6)", "D(8)", "D(4 + 2 * var0)", "D(6 + 2 * var0)", "D(5 + 2 * var0)"]
              },
             "scoring":
               {
                 "starThreshold":4,
                 "loseThreshold":3
               },
             "tutorial":
               {
                     "T1":null
               },
            "keywords":"multiplicar, dobles, multiplicar por un decimal, multiplicar un número entero por un decimal, multiplicar un decimal por un número entero, propiedad distributiva, modelo de área",
            "meaningfulDescription":"los estudiantes multiplican un decimal por 2"
        }
    ]
}
