{
    "gameName":"SG",
    "isbn":"NR-4-9781328524409",
    "GameGuid":"3210048801",
    "grade":"g4",
    "gradeLabel":"Grado 4",
    "testMode":true,
    "levelData":
[
        {
            "id":"SG-G4-01",
            "parentId":"",
            "title":"Tutorial Nivel 1",
            "lessons":null,
            "gridSize":3,
            "sliderType":"Ratio",
            "equationType":null,
            "var0":null,
            "var1":null,
            "var2":null,
            "var3":null,
             "frequency":
               {
                     "goodGuys":0.5,
                     "badGuys":0,
                     "comboTiles":0
                },
             "slider":
               {
                 "height":null,
                 "total":"D(4)",
                 "min":"D(1)",
                 "max":"D(1)",
                 "interval":null
                },
             "grid":
               {
                   "values":["D(1)", "D(3)"]
              },
             "scoring":
               {
                 "starThreshold":1,
                 "loseThreshold":2
               },
             "tutorial":
               {
                     "T1":"GoodGuy_Tutorial.mp4"
               },
            "keywords":"tutorial",
            "meaningfulDescription":"los estudiantes aprenden cómo ganarle a un nivel del  juego"
        },
        {
            "id":"SG-G4-02",
            "parentId":"SG-G4-01",
            "title":"Tutorial Nivel 2",
            "lessons":null,
            "gridSize":3,
            "sliderType":"Ratio",
            "equationType":null,
            "var0":null,
            "var1":null,
            "var2":null,
            "var3":null,
             "frequency":
               {
                     "goodGuys":0.5,
                     "badGuys":0,
                     "comboTiles":0
                },
             "slider":
               {
                 "height":null,
                 "total":"D(4)",
                 "min":"D(1)",
                 "max":"D(3)",
                 "interval":"D(1)"
                },
             "grid":
               {
                   "values":["D(1)", "D(2)", "D(3)"]
              },
             "scoring":
               {
                 "starThreshold":1,
                 "loseThreshold":3
               },
             "tutorial":
               {
                     "T1":"Slider_Tutorial.mp4"
               },
            "keywords":"tutorial",
            "meaningfulDescription":"los estudiantes aprenden a usar la mecánica de desplazamiento del juego"
        },
        {
            "id":"SG-G4-03",
            "parentId":"SG-G4-02",
            "title":"Tutorial Nivel 3",
            "lessons":null,
            "gridSize":3,
            "sliderType":"Ratio",
            "equationType":null,
            "var0":null,
            "var1":null,
            "var2":null,
            "var3":null,
             "frequency":
               {
                     "goodGuys":0.35,
                     "badGuys":0.25,
                     "comboTiles":0
                },
             "slider":
               {
                 "height":null,
                 "total":"D(4)",
                 "min":"D(1)",
                 "max":"D(3)",
                 "interval":"D(1)"
                },
             "grid":
               {
                   "values":["D(1)", "D(2)", "D(3)"]
              },
             "scoring":
               {
                 "starThreshold":1,
                 "loseThreshold":1
               },
             "tutorial":
               {
                     "T1":null
               },
            "keywords":"tutorial",
            "meaningfulDescription":"los estudiantes aprenden cómo perder un nivel del  juego"
        },
        {
            "id":"SG-G4-04",
            "parentId":"SG-G4-03",
            "title":"Producto de unidades",
            "lessons":["2-1"],
            "gridSize":3,
            "sliderType":"AreaModel",
            "equationType":"twoEquationsArea",
            "var0":[4,5],
            "var1":null,
            "var2":null,
            "var3":null,
             "frequency":
               {
                     "goodGuys":0.3,
                     "badGuys":0.1,
                     "comboTiles":0
                },
             "slider":
               {
                 "height":"D(2)",
                 "total":"D(var0)",
                 "min":"D(0)",
                 "max":"D(4)",
                 "interval":"D(1)"
                },
             "grid":
               {
                   "values":["D(0)", "D(2)", "D(4)", "D(6)", "D(8)", "D(10)"]
              },
             "scoring":
               {
                 "starThreshold":1,
                 "loseThreshold":5
               },
             "tutorial":
               {
                     "T1":"AreaModel_Tutorial.mp4"
               },
            "keywords":"producto, producto de unidades, multiplicación, operaciones de multiplicación, conocimiento, tablas de multiplicación, modelo de área",
            "meaningfulDescription":"los estudiantes multiplican por dos números de un dígito"
        },
        {
            "id":"SG-G4-05",
            "parentId":"SG-G4-04",
            "title":"Matrices de decenas",
            "lessons":["2-1"],
            "gridSize":3,
            "sliderType":"AreaModel",
            "equationType":"placeValue",
            "var0":[5,6,7,8,9],
            "var1":null,
            "var2":null,
            "var3":null,
             "frequency":
               {
                     "goodGuys":0.3,
                     "badGuys":0.1,
                     "comboTiles":0.3
                },
             "slider":
               {
                 "height":"D(var0)",
                 "total":"D(40)",
                 "min":"D(0)",
                 "max":"D(40)",
                 "interval":"D(10)"
                },
             "grid":
               {
                   "values":null
              },
             "scoring":
               {
                 "starThreshold":2,
                 "loseThreshold":5
               },
             "tutorial":
               {
                     "T1":"BonusTiles_Tutorial.mp4"
               },
            "keywords":"matrices de decenas, múltiplos de diez, modelo de área, múltiplos de 10, conteos en secuencia de a 10, propiedad distributiva, cambiar patrones, multiplicación, tutorial",
            "meaningfulDescription":"los estudiantes multiplican números de un dígito por múltiplos de 10"
        },
        {
            "id":"SG-G4-06",
            "parentId":"SG-G4-05",
            "title":"Producto de decenas",
            "lessons":["2-3"],
            "gridSize":3,
            "sliderType":"AreaModel",
            "equationType":"distributiveProp",
            "var0":[30,40,50],
            "var1":null,
            "var2":null,
            "var3":null,
             "frequency":
               {
                     "goodGuys":0.35,
                     "badGuys":0.1,
                     "comboTiles":0.3
                },
             "slider":
               {
                 "height":"D(var0)",
                 "total":"D(100)",
                 "min":"D(30)",
                 "max":"D(70)",
                 "interval":"D(10)"
                },
             "grid":
               {
                   "values":null
              },
             "scoring":
               {
                 "starThreshold":2,
                 "loseThreshold":5
               },
             "tutorial":
               {
                     "T1":null
               },
            "keywords":"producto de decenas, multiplicar por 10, múltiplos de 10, cambiar patrones, conteos en secuencia de a 10, propiedad distributiva, modelo de área, multiplicación",
            "meaningfulDescription":"los estudiantes multiplican dos múltiplos de 10"
        },
        {
            "id":"SG-G4-07",
            "parentId":"SG-G4-06",
            "title":"Multiplicación mental 1",
            "lessons":["2-3"],
            "gridSize":4,
            "sliderType":"AreaModel",
            "equationType":"distributiveProp",
            "var0":[8,9],
            "var1":[21,22,23,24,25,26],
            "var2":null,
            "var3":null,
             "frequency":
               {
                     "goodGuys":0.35,
                     "badGuys":0.1,
                     "comboTiles":0.35
                },
             "slider":
               {
                 "height":"D(var0)",
                 "total":"D(var1)",
                 "min":"D(0)",
                 "max":"D(20)",
                 "interval":"D(10)"
                },
             "grid":
               {
                   "values":null
              },
             "scoring":
               {
                 "starThreshold":2,
                 "loseThreshold":5
               },
             "tutorial":
               {
                     "T1":null
               },
            "keywords":"multiplicación, representar la multiplicación, propiedad distributiva, valor posicional, múltiplos de 10, modelo de área",
            "meaningfulDescription":"los estudiantes multiplican números de un dígito por números de dos dígitos"
        },
        {
            "id":"SG-G4-08",
            "parentId":"SG-G4-07",
            "title":"Multiplicación mental 2",
            "lessons":["2-3"],
            "gridSize":4,
            "sliderType":"AreaModel",
            "equationType":"distributiveProp",
            "var0":null,
            "var1":null,
            "var2":null,
            "var3":null,
             "frequency":
               {
                     "goodGuys":0.4,
                     "badGuys":0.15,
                     "comboTiles":0.3
                },
             "slider":
               {
                 "height":"D(10)",
                 "total":"D(20)",
                 "min":"D(8)",
                 "max":"D(12)",
                 "interval":"D(1)"
                },
             "grid":
               {
                   "values":["D(80)", "D(90)", "D(100)", "D(110)", "D(120)"]
              },
             "scoring":
               {
                 "starThreshold":2,
                 "loseThreshold":4
               },
             "tutorial":
               {
                     "T1":null
               },
            "keywords":"multiplicación, representar la multiplicación, propiedad distributiva, multiplicar por 10, conteos en secuencia de a 10, múltiplos de 10, modelo de área, multiplicación por dos dígitos, multiplicación de dos dígitos por dos dígitos",
            "meaningfulDescription":"los estudiantes usan un modelo de área para multiplicar números de uno o dos dígitos por 10"
        },
        {
            "id":"SG-G4-09",
            "parentId":"SG-G4-08",
            "title":"Fracciones mayores que uno",
            "lessons":["6-4"],
            "gridSize":4,
            "sliderType":"Ratio",
            "equationType":"twoEquationsRatio",
            "var0":null,
            "var1":null,
            "var2":null,
            "var3":null,
             "frequency":
               {
                     "goodGuys":0.4,
                     "badGuys":0.15,
                     "comboTiles":0.25
                },
             "slider":
               {
                 "height":null,
                 "total":"D(3)",
                 "min":"F(1, 2)",
                 "max":"F(2, 1, 2)",
                 "interval":"F(1, 2)"
                },
             "grid":
               {
                   "values":["F(1, 2)", "D(1)", "F(3, 2)", "D(2)", "F(5, 2)"]
              },
             "scoring":
               {
                 "starThreshold":2,
                 "loseThreshold":4
               },
             "tutorial":
               {
                     "T1":null
               },
            "keywords":"fracciones, número mixto, fracciones equivalentes, fracciones impropias, fracciones mayores que uno, reescribir fracciones",
            "meaningfulDescription":"los estudiantes expresan números mixtos como fracciones mayores que uno"
        },
        {
            "id":"SG-G4-10",
            "parentId":"SG-G4-09",
            "title":"Sumar números mixtos",
            "lessons":["6-5"],
            "gridSize":4,
            "sliderType":"Ratio",
            "equationType":"ratioSum",
            "var0":null,
            "var1":null,
            "var2":null,
            "var3":null,
             "frequency":
               {
                     "goodGuys":0.4,
                     "badGuys":0.2,
                     "comboTiles":0.25
                },
             "slider":
               {
                 "height":null,
                 "total":"D(3)",
                 "min":"D(1)",
                 "max":"D(2)",
                 "interval":"F(1, 3)"
                },
             "grid":
               {
                   "values":["D(1)", "F(4, 3)", "F(5, 3)", "D(2)"]
              },
             "scoring":
               {
                 "starThreshold":2,
                 "loseThreshold":4
               },
             "tutorial":
               {
                     "T1":null
               },
            "keywords":"números mixtos, sumar números mixtos, fracciones, fracciones equivalentes, fracciones impropias, fracciones mayores que uno, reescribir números mixtos, reescribir fracciones",
            "meaningfulDescription":"los estudiantes suman números mixtos que tienen una suma en común"
        },
        {
            "id":"SG-G4-11",
            "parentId":"SG-G4-10",
            "title":"Fracciones equivalentes",
            "lessons":["7-4"],
            "gridSize":4,
            "sliderType":"Ratio",
            "equationType":"twoEquationsRatio",
            "var0":null,
            "var1":null,
            "var2":null,
            "var3":null,
             "frequency":
               {
                     "goodGuys":0.4,
                     "badGuys":0.2,
                     "comboTiles":0.25
                },
             "slider":
               {
                 "height":null,
                 "total":"D(1)",
                 "min":"F(1, 5)",
                 "max":"F(4, 5)",
                 "interval":"F(1, 5)"
                },
             "grid":
               {
                   "values":["F(2, 10)", "F(4, 10)", "F(6, 10)", "F(8, 10)"]
              },
             "scoring":
               {
                 "starThreshold":2,
                 "loseThreshold":4
               },
             "tutorial":
               {
                     "T1":null
               },
            "keywords":"fracciones equivalentes, reescribir fracciones, décimos, quintos, fracciones, fracciones menores que uno, simplificar fracciones, reducir fracciones",
            "meaningfulDescription":"los estudiantes expresan quintos menores que uno en formas equivalentes"
        },
        {
            "id":"SG-G4-11-01",
            "parentId":"SG-G4-11",
            "title":"Fracciones equivalentes con quincuagésimos",
            "lessons":["7-4"],
            "gridSize":4,
            "sliderType":"Ratio",
            "equationType":"twoEquationsRatio",
            "var0":null,
            "var1":null,
            "var2":null,
            "var3":null,
             "frequency":
               {
                     "goodGuys":0.4,
                     "badGuys":0.2,
                     "comboTiles":0.25
                },
             "slider":
               {
                 "height":null,
                 "total":"D(1)",
                 "min":"F(1, 5)",
                 "max":"F(4, 5)",
                 "interval":"F(1, 5)"
                },
             "grid":
               {
                   "values":["F(10, 50)", "F(20, 50)", "F(30, 50)", "F(40, 50)"]
              },
             "scoring":
               {
                 "starThreshold":2,
                 "loseThreshold":4
               },
             "tutorial":
               {
                     "T1":null
               },
            "keywords":"fracciones equivalentes, reescribir fracciones, quintos, quincuagésimos, fracciones, fracciones menores que uno, simplificar fracciones, reducir fracciones",
            "meaningfulDescription":"los estudiantes expresan quintos menores que uno en formas equivalentes"
        },
        {
            "id":"SG-G4-11-02",
            "parentId":"SG-G4-11-01",
            "title":"Simplificar fracciones",
            "lessons":["7-5"],
            "gridSize":4,
            "sliderType":"Ratio",
            "equationType":"twoEquationsRatio",
            "var0":null,
            "var1":null,
            "var2":null,
            "var3":null,
             "frequency":
               {
                     "goodGuys":0.4,
                     "badGuys":0.2,
                     "comboTiles":0.3
                },
             "slider":
               {
                 "height":null,
                 "total":"D(1)",
                 "min":"D(0)",
                 "max":"D(1)",
                 "interval":"F(3, 12)"
                },
             "grid":
               {
                   "values":["D(0)", "D(1)", "F(1, 4)", "F(2, 4)", "F(3, 4)"]
              },
             "scoring":
               {
                 "starThreshold":3,
                 "loseThreshold":4
               },
             "tutorial":
               {
                     "T1":null
               },
            "keywords":"fracciones equivalentes, reescribir fracciones, cuartos, doceavos, fracciones, fracciones menores que uno, simplificar fracciones, reducir fracciones",
            "meaningfulDescription":"los estudiantes expresan doceavos menores que uno en formas equivalentes"
        },
        {
            "id":"SG-G4-11-03",
            "parentId":"SG-G4-11-02",
            "title":"Fracciones equivalentes con octavos",
            "lessons":["7-5"],
            "gridSize":4,
            "sliderType":"Ratio",
            "equationType":"twoEquationsRatio",
            "var0":null,
            "var1":null,
            "var2":null,
            "var3":null,
             "frequency":
               {
                     "goodGuys":0.4,
                     "badGuys":0.2,
                     "comboTiles":0.3
                },
             "slider":
               {
                 "height":null,
                 "total":"D(1)",
                 "min":"D(0)",
                 "max":"D(1)",
                 "interval":"F(3, 12)"
                },
             "grid":
               {
                   "values":["D(0)", "F(1, 2)", "D(1)", "F(2, 8)", "F(4, 8)", "F(6, 8)"]
              },
             "scoring":
               {
                 "starThreshold":3,
                 "loseThreshold":4
               },
             "tutorial":
               {
                     "T1":null
               },
            "keywords":"fracciones equivalentes, reescribir fracciones, mitades, cuartos, octavos, doceavos, fracciones, fracciones menores que uno, simplificar fracciones, reducir fracciones",
            "meaningfulDescription":"los estudiantes expresan doceavos menores que uno en mitades y octavos equivalentes"
        },
        {
            "id":"SG-G4-12",
            "parentId":"SG-G4-11-03",
            "title":"Fracciones equivalentes y decimales",
            "lessons":["7-8"],
            "gridSize":4,
            "sliderType":"Ratio",
            "equationType":"twoEquationsRatio",
            "var0":null,
            "var1":null,
            "var2":null,
            "var3":null,
             "frequency":
               {
                     "goodGuys":0.4,
                     "badGuys":0.2,
                     "comboTiles":0.3
                },
             "slider":
               {
                 "height":null,
                 "total":"D(1)",
                 "min":"F(2, 10)",
                 "max":"F(8, 10)",
                 "interval":"F(2, 10)"
                },
             "grid":
               {
                   "values":["D(0.2)", "D(0.4)", "D(0.6)", "D(0.8)"]
              },
             "scoring":
               {
                 "starThreshold":3,
                 "loseThreshold":4
               },
             "tutorial":
               {
                     "T1":null
               },
            "keywords":"fracciones equivalentes, reescribir fracciones, mitades, cuartos, octavos, doceavos, fracciones, fracciones menores que uno, simplificar fracciones, reducir fracciones",
            "meaningfulDescription":"los estudiantes expresan fracciones de décimos como decimales"
        },
        {
            "id":"SG-G4-13",
            "parentId":"SG-G4-12",
            "title":"Decimales como fracciones",
            "lessons":["7-8"],
            "gridSize":4,
            "sliderType":"Ratio",
            "equationType":"twoEquationsRatio",
            "var0":null,
            "var1":null,
            "var2":null,
            "var3":null,
             "frequency":
               {
                     "goodGuys":0.4,
                     "badGuys":0.2,
                     "comboTiles":0.3
                },
             "slider":
               {
                 "height":null,
                 "total":"D(1)",
                 "min":"D(0.2)",
                 "max":"D(0.8)",
                 "interval":"D(0.2)"
                },
             "grid":
               {
                   "values":["F(2, 10)", "F(4, 10)", "F(6, 10)", "F(8, 10)"]
              },
             "scoring":
               {
                 "starThreshold":3,
                 "loseThreshold":4
               },
             "tutorial":
               {
                     "T1":null
               },
            "keywords":"fracciones equivalentes, reescribir fracciones, mitades, cuartos, octavos, doceavos, fracciones, fracciones menores que uno, simplificar fracciones, reducir fracciones",
            "meaningfulDescription":"los estudiantes expresan décimos como fracciones de quintos"
        },
        {
            "id":"SG-G4-13-01",
            "parentId":"SG-G4-13",
            "title":"Decimales como quintos",
            "lessons":["7-8"],
            "gridSize":4,
            "sliderType":"Ratio",
            "equationType":"twoEquationsRatio",
            "var0":null,
            "var1":null,
            "var2":null,
            "var3":null,
             "frequency":
               {
                     "goodGuys":0.4,
                     "badGuys":0.2,
                     "comboTiles":0.3
                },
             "slider":
               {
                 "height":null,
                 "total":"D(1)",
                 "min":"D(0.2)",
                 "max":"D(0.8)",
                 "interval":"D(0.2)"
                },
             "grid":
               {
                   "values":["F(1, 5)", "F(2, 5)", "F(3, 5)", "F(4, 5)"]
              },
             "scoring":
               {
                 "starThreshold":3,
                 "loseThreshold":4
               },
             "tutorial":
               {
                     "T1":null
               },
            "keywords":"fracciones equivalentes, reescribir fracciones, quintos, fracciones, fracciones menores que uno, simplificar fracciones, reducir fracciones, decimales como fracciones, fracciones como decimales, decimales",
            "meaningfulDescription":"los estudiantes expresan décimos como fracciones de décimos"
        },
        {
            "id":"SG-G4-14",
            "parentId":"SG-G4-13-01",
            "title":"Centésimos",
            "lessons":["7-8"],
            "gridSize":4,
            "sliderType":"Ratio",
            "equationType":"twoEquationsRatio",
            "var0":null,
            "var1":null,
            "var2":null,
            "var3":null,
             "frequency":
               {
                     "goodGuys":0.4,
                     "badGuys":0.2,
                     "comboTiles":0.3
                },
             "slider":
               {
                 "height":null,
                 "total":"D(1)",
                 "min":"D(0.2)",
                 "max":"D(0.8)",
                 "interval":"D(0.2)"
                },
             "grid":
               {
                   "values":["F(20, 100)", "F(40, 100)", "F(60, 100)", "F(80, 100)"]
              },
             "scoring":
               {
                 "starThreshold":3,
                 "loseThreshold":4
               },
             "tutorial":
               {
                     "T1":null
               },
            "keywords":"fracciones equivalentes, reescribir fracciones, centésimos, fracciones, fracciones menores que uno, simplificar fracciones, reducir fracciones, decimales como fracciones, fracciones como decimales, decimales ",
            "meaningfulDescription":"los estudiantes expresan décimos como fracciones de centésimos"
        },
        {
            "id":"SG-G4-14-01",
            "parentId":"SG-G4-14",
            "title":"Mitades y cuartos",
            "lessons":["7-8"],
            "gridSize":4,
            "sliderType":"Ratio",
            "equationType":"twoEquationsRatio",
            "var0":null,
            "var1":null,
            "var2":null,
            "var3":null,
             "frequency":
               {
                     "goodGuys":0.4,
                     "badGuys":0.2,
                     "comboTiles":0.3
                },
             "slider":
               {
                 "height":null,
                 "total":"D(1)",
                 "min":"D(0)",
                 "max":"D(1)",
                 "interval":"F(1, 4)"
                },
             "grid":
               {
                   "values":["D(0)", "D(1)", "F(25, 100)", "F(50, 100)", "F(75, 100)"]
              },
             "scoring":
               {
                 "starThreshold":3,
                 "loseThreshold":3
               },
             "tutorial":
               {
                     "T1":null
               },
            "keywords":"fracciones equivalentes, reescribir fracciones, mitades, cuartos, centésimos, fracciones menores que uno, simplificar fracciones, reducir fracciones, cuarto",
            "meaningfulDescription":"los estudiantes expresan cuartos menores que uno como centésimos"
        },
        {
            "id":"SG-G4-16",
            "parentId":"SG-G4-14-01",
            "title":"Mitades y cuartos como decimales",
            "lessons":["7-8"],
            "gridSize":4,
            "sliderType":"Ratio",
            "equationType":"twoEquationsRatio",
            "var0":null,
            "var1":null,
            "var2":null,
            "var3":null,
             "frequency":
               {
                     "goodGuys":0.4,
                     "badGuys":0.2,
                     "comboTiles":0.3
                },
             "slider":
               {
                 "height":null,
                 "total":"D(1)",
                 "min":"D(0)",
                 "max":"D(1)",
                 "interval":"F(1, 4)"
                },
             "grid":
               {
                   "values":["D(0)", "D(0.25)", "D(0.5)", "D(0.75)", "D(1)"]
              },
             "scoring":
               {
                 "starThreshold":3,
                 "loseThreshold":3
               },
             "tutorial":
               {
                     "T1":null
               },
            "keywords":"mitades, cuartos, centésimos, fracciones menores que uno, decimales, decimales como fracciones, fracciones como decimales, cuarto",
            "meaningfulDescription":"los estudiantes expresan cuartos menores que uno como decimales"
        },
        {
            "id":"SG-G4-17",
            "parentId":"SG-G4-16",
            "title":"Ampliar la multiplicación de fracciones",
            "lessons":null,
            "gridSize":4,
            "sliderType":"AreaModel",
            "equationType":"twoEquationsArea",
            "var0":null,
            "var1":null,
            "var2":null,
            "var3":null,
             "frequency":
               {
                     "goodGuys":0.4,
                     "badGuys":0.2,
                     "comboTiles":0.25
                },
             "slider":
               {
                 "height":"D(2)",
                 "total":"D(3)",
                 "min":"F(1, 2)",
                 "max":"F(2, 1, 2)",
                 "interval":"F(1, 2)"
                },
             "grid":
               {
                   "values":["D(1)", "D(2)", "D(3)", "D(4)", "D(5)"]
              },
             "scoring":
               {
                 "starThreshold":3,
                 "loseThreshold":4
               },
             "tutorial":
               {
                     "T1":null
               },
            "keywords":"números mixtos, fracciones, multiplicar, multiplicación, multiplicar por 2, multiplicar fracciones, multiplicar una fracción por un número entero, soluciones de números enteros",
            "meaningfulDescription":"los estudiantes multiplican fracciones y números mixtos por 2"
        }
    ]
}
