{
    "gameName":"SG",
    "isbn":"NR-3-9781328524393",
    "GameGuid":"3210026186",
    "grade":"g3",
    "gradeLabel":"Grado 3",
    "testMode":true,
    "levelData":
[
        {
            "id":"SG-G3-01",
            "parentId":"",
            "title":"Tutorial Nivel 1",
            "lessons":null,
            "gridSize":3,
            "sliderType":"Ratio",
            "equationType":null,
            "var0":null,
            "var1":null,
            "var2":null,
            "var3":null,
             "frequency":
               {
                     "goodGuys":0.5,
                     "badGuys":0,
                     "comboTiles":0
                },
             "slider":
               {
                 "height":null,
                 "total":"D(4)",
                 "min":"D(1)",
                 "max":"D(1)",
                 "interval":null
                },
             "grid":
               {
                   "values":["D(1)", "D(3)"]
              },
             "scoring":
               {
                 "starThreshold":1,
                 "loseThreshold":2
               },
             "tutorial":
               {
                     "T1":"GoodGuy_Tutorial.mp4"
               },
            "keywords":"tutorial",
            "meaningfulDescription":"los estudiantes aprenden cómo ganarle a un nivel del  juego"
        },
        {
            "id":"SG-G3-02",
            "parentId":"SG-G3-01",
            "title":"Tutorial Nivel 2",
            "lessons":null,
            "gridSize":3,
            "sliderType":"Ratio",
            "equationType":null,
            "var0":null,
            "var1":null,
            "var2":null,
            "var3":null,
             "frequency":
               {
                     "goodGuys":0.5,
                     "badGuys":0,
                     "comboTiles":0
                },
             "slider":
               {
                 "height":null,
                 "total":"D(4)",
                 "min":"D(1)",
                 "max":"D(3)",
                 "interval":"D(1)"
                },
             "grid":
               {
                   "values":["D(1)", "D(2)", "D(3)"]
              },
             "scoring":
               {
                 "starThreshold":1,
                 "loseThreshold":3
               },
             "tutorial":
               {
                     "T1":"Slider_Tutorial.mp4"
               },
            "keywords":"tutorial",
            "meaningfulDescription":"los estudiantes aprenden a usar la mecánica de desplazamiento del juego"
        },
        {
            "id":"SG-G3-03",
            "parentId":"SG-G3-02",
            "title":"Tutorial Nivel 3",
            "lessons":null,
            "gridSize":3,
            "sliderType":"Ratio",
            "equationType":null,
            "var0":null,
            "var1":null,
            "var2":null,
            "var3":null,
             "frequency":
               {
                     "goodGuys":0.3,
                     "badGuys":0.25,
                     "comboTiles":0
                },
             "slider":
               {
                 "height":null,
                 "total":"D(4)",
                 "min":"D(1)",
                 "max":"D(3)",
                 "interval":"D(1)"
                },
             "grid":
               {
                   "values":["D(1)", "D(2)", "D(3)"]
              },
             "scoring":
               {
                 "starThreshold":1,
                 "loseThreshold":1
               },
             "tutorial":
               {
                     "T1":null
               },
            "keywords":"tutorial",
            "meaningfulDescription":"los estudiantes aprenden cómo perder un nivel del  juego"
        },
        {
            "id":"SG-G3-04",
            "parentId":"SG-G3-03",
            "title":"Multiplicar con 5",
            "lessons":["1-1"],
            "gridSize":3,
            "sliderType":"AreaModel",
            "equationType":"twoEquationsArea",
            "var0":null,
            "var1":null,
            "var2":null,
            "var3":null,
             "frequency":
               {
                     "goodGuys":0.25,
                     "badGuys":0.1,
                     "comboTiles":0
                },
             "slider":
               {
                 "height":"D(5)",
                 "total":"D(10)",
                 "min":"D(4)",
                 "max":"D(6)",
                 "interval":"D(1)"
                },
             "grid":
               {
                   "values":["D(20)", "D(25)", "D(30)"]
              },
             "scoring":
               {
                 "starThreshold":1,
                 "loseThreshold":3
               },
             "tutorial":
               {
                     "T1":"AreaModel_Tutorial.mp4"
               },
            "keywords":"tutorial, modelo de área, multiplicar, multiplicación, conteos en secuencia de a 5, múltiplos de 5, conteos en secuencia de a 4, conteos en secuencia de a 6",
            "meaningfulDescription":"los estudiantes multiplican 5 por dos valores cuya suma sea 10"
        },
        {
            "id":"SG-G3-05",
            "parentId":"SG-G3-04",
            "title":"Multiplicar con 5 y 6",
            "lessons":["1-11, 2-1"],
            "gridSize":3,
            "sliderType":"AreaModel",
            "equationType":"twoEquationsArea",
            "var0":null,
            "var1":null,
            "var2":null,
            "var3":null,
             "frequency":
               {
                     "goodGuys":0.25,
                     "badGuys":0.1,
                     "comboTiles":0.3
                },
             "slider":
               {
                 "height":"D(6)",
                 "total":"D(12)",
                 "min":"D(5)",
                 "max":"D(7)",
                 "interval":"D(1)"
                },
             "grid":
               {
                   "values":["D(30)", "D(36)", "D(42)"]
              },
             "scoring":
               {
                 "starThreshold":1,
                 "loseThreshold":3
               },
             "tutorial":
               {
                     "T1":"BonusTiles_Tutorial.mp4"
               },
            "keywords":"tutorial, conteos en secuencia de a 6, conteos en secuencia de a 5, conteos en secuencia de a 7, multiplicación, multiplicar, multiplicar por 5, multiplicar por 6, modelo de área",
            "meaningfulDescription":"los estudiantes multiplican 6 por 5, 6 y 7"
        },
        {
            "id":"SG-G3-06",
            "parentId":"SG-G3-05",
            "title":"Multiplicar con 6",
            "lessons":["2-1"],
            "gridSize":3,
            "sliderType":"AreaModel",
            "equationType":"twoEquationsArea",
            "var0":null,
            "var1":null,
            "var2":null,
            "var3":null,
             "frequency":
               {
                     "goodGuys":0.3,
                     "badGuys":0.1,
                     "comboTiles":0.3
                },
             "slider":
               {
                 "height":"D(3)",
                 "total":"D(6)",
                 "min":"D(2)",
                 "max":"D(4)",
                 "interval":"D(1)"
                },
             "grid":
               {
                   "values":["D(6)", "D(9)", "D(12)"]
              },
             "scoring":
               {
                 "starThreshold":2,
                 "loseThreshold":3
               },
             "tutorial":
               {
                     "T1":null
               },
            "keywords":"multiplicar, multiplicación, conteos en secuencia de a 6, múltiplos de 6, multiplicar por 6, modelo de área, sumas parciales",
            "meaningfulDescription":"los estudiantes multiplican 3 por dos factores cuya suma sea 6"
        },
        {
            "id":"SG-G3-07",
            "parentId":"SG-G3-06",
            "title":"Multiplicar con 8",
            "lessons":["2-1"],
            "gridSize":3,
            "sliderType":"AreaModel",
            "equationType":"distributiveProp",
            "var0":null,
            "var1":null,
            "var2":null,
            "var3":null,
             "frequency":
               {
                     "goodGuys":0.3,
                     "badGuys":0.1,
                     "comboTiles":0.3
                },
             "slider":
               {
                 "height":"D(4)",
                 "total":"D(8)",
                 "min":"D(2)",
                 "max":"D(6)",
                 "interval":"D(1)"
                },
             "grid":
               {
                   "values":["D(8)", "D(12)", "D(16)", "D(20)", "D(24)"]
              },
             "scoring":
               {
                 "starThreshold":2,
                 "loseThreshold":5
               },
             "tutorial":
               {
                     "T1":null
               },
            "keywords":"multiplicar, multiplicación,  conteos en secuencia de a 8, múltiplos de 8, multiplicar por 8, modelo de área, sumas parciales",
            "meaningfulDescription":"los estudiantes multiplican 4 por dos factores cuya suma sea 8"
        },
        {
            "id":"SG-G3-08",
            "parentId":"SG-G3-07",
            "title":"Multiplicar con 5, 6 y 8",
            "lessons":["2-3"],
            "gridSize":3,
            "sliderType":"AreaModel",
            "equationType":"twoEquationsArea",
            "var0":null,
            "var1":null,
            "var2":null,
            "var3":null,
             "frequency":
               {
                     "goodGuys":0.35,
                     "badGuys":0.15,
                     "comboTiles":0.3
                },
             "slider":
               {
                 "height":"D(5)",
                 "total":"D(10)",
                 "min":"D(2)",
                 "max":"D(8)",
                 "interval":"D(2)"
                },
             "grid":
               {
                   "values":["D(10)", "D(20)", "D(30)", "D(40)"]
              },
             "scoring":
               {
                 "starThreshold":2,
                 "loseThreshold":5
               },
             "tutorial":
               {
                     "T1":null
               },
            "keywords":"multiplicar, multiplicación,  multiplicar con 5, multiplicar con 6, multiplicar con 8, conteos en secuencia de a 5, conteos en secuencia de a 6, conteos en secuencia de a 8, modelo de área, múltiplos de 10",
            "meaningfulDescription":"los estudiantes multiplican 5 por 2, 4, 6 y 8"
        },
        {
            "id":"SG-G3-09",
            "parentId":"SG-G3-08",
            "title":"Multiplicar con 7",
            "lessons":["2-5"],
            "gridSize":3,
            "sliderType":"AreaModel",
            "equationType":"distributiveProp",
            "var0":[2,3],
            "var1":null,
            "var2":null,
            "var3":null,
             "frequency":
               {
                     "goodGuys":0.35,
                     "badGuys":0.15,
                     "comboTiles":0.25
                },
             "slider":
               {
                 "height":"D(var0)",
                 "total":"D(7)",
                 "min":"D(2)",
                 "max":"D(5)",
                 "interval":"D(1)"
                },
             "grid":
               {
                   "values":null
              },
             "scoring":
               {
                 "starThreshold":3,
                 "loseThreshold":5
               },
             "tutorial":
               {
                     "T1":null
               },
            "keywords":"multiplicar con 7, propiedad distributiva, modelo de área, conteos en secuencia de a 2, conteos en secuencia de a 3, conteos en secuencia de a 4, conteos en secuencia de a 5, multiplicación",
            "meaningfulDescription":"los estudiantes multiplican números de un dígito por dos valores que sumen 7"
        },
        {
            "id":"SG-G3-10",
            "parentId":"SG-G3-09",
            "title":"Multiplicar con 5, 6, 7 y 8",
            "lessons":["2-5, 2-7"],
            "gridSize":4,
            "sliderType":"AreaModel",
            "equationType":"twoEquationsArea",
            "var0":[3,4,5,6],
            "var1":null,
            "var2":null,
            "var3":null,
             "frequency":
               {
                     "goodGuys":0.35,
                     "badGuys":0.2,
                     "comboTiles":0.35
                },
             "slider":
               {
                 "height":"D(var0)",
                 "total":"D(13)",
                 "min":"D(5)",
                 "max":"D(8)",
                 "interval":"D(1)"
                },
             "grid":
               {
                   "values":null
              },
             "scoring":
               {
                 "starThreshold":3,
                 "loseThreshold":5
               },
             "tutorial":
               {
                     "T1":null
               },
            "keywords":"multiplicar con 5, multiplicar con 6, multiplicar con 7, multiplicar con 8, conteos en secuencia de a 5, conteos en secuencia de a 6, conteos en secuencia de a 7, conteos en secuencia de a 8, multiplicación, multiplicación de un dígito",
            "meaningfulDescription":"los estudiantes multiplican números de un dígito por 5, 6, 7 y 8"
        },
        {
            "id":"SG-G3-11",
            "parentId":"SG-G3-10",
            "title":"Multiplicar con 10",
            "lessons":["2-14"],
            "gridSize":4,
            "sliderType":"AreaModel",
            "equationType":"twoEquationsArea",
            "var0":null,
            "var1":null,
            "var2":null,
            "var3":null,
             "frequency":
               {
                     "goodGuys":0.35,
                     "badGuys":0.2,
                     "comboTiles":0.3
                },
             "slider":
               {
                 "height":"D(10)",
                 "total":"D(20)",
                 "min":"D(8)",
                 "max":"D(12)",
                 "interval":"D(1)"
                },
             "grid":
               {
                   "values":["D(80)", "D(90)", "D(100)", "D(110)", "D(120)"]
              },
             "scoring":
               {
                 "starThreshold":3,
                 "loseThreshold":4
               },
             "tutorial":
               {
                     "T1":null
               },
            "keywords":"multiplicar con 10, multiplicar por 10, multiplicación, conteos en secuencia de a 10, cambiar patrones, modelo de área, propiedad distributiva",
            "meaningfulDescription":"los estudiantes multiplican 10 por dos valores que sumen 20"
        },
        {
            "id":"SG-G3-12",
            "parentId":"SG-G3-11",
            "title":"Área de un rectángulo",
            "lessons":["5-2"],
            "gridSize":4,
            "sliderType":"AreaModel",
            "equationType":"distributiveProp",
            "var0":null,
            "var1":null,
            "var2":null,
            "var3":null,
             "frequency":
               {
                     "goodGuys":0.35,
                     "badGuys":0.2,
                     "comboTiles":0.3
                },
             "slider":
               {
                 "height":"D(3)",
                 "total":"D(12)",
                 "min":"D(4)",
                 "max":"D(8)",
                 "interval":"D(1)"
                },
             "grid":
               {
                   "values":["D(12)", "D(15)", "D(18)", "D(21)", "D(24)"]
              },
             "scoring":
               {
                 "starThreshold":3,
                 "loseThreshold":4
               },
             "tutorial":
               {
                     "T1":null
               },
            "keywords":"propiedad distributiva, modelo de área, valor posicional, multiplicar por 3, conteos en secuencia de a 3, multiplicación por un dígito, multiplicación",
            "meaningfulDescription":"los estudiantes calculan las áreas de dos rectángulos adyacentes"
        },
        {
            "id":"SG-G3-13",
            "parentId":"SG-G3-12",
            "title":"Multiplicar con 12",
            "lessons":["5-2"],
            "gridSize":4,
            "sliderType":"AreaModel",
            "equationType":"distributiveProp",
            "var0":null,
            "var1":null,
            "var2":null,
            "var3":null,
             "frequency":
               {
                     "goodGuys":0.35,
                     "badGuys":0.2,
                     "comboTiles":0.3
                },
             "slider":
               {
                 "height":"D(3)",
                 "total":"D(12)",
                 "min":"D(10)",
                 "max":"D(12)",
                 "interval":"D(1)"
                },
             "grid":
               {
                   "values":null
              },
             "scoring":
               {
                 "starThreshold":3,
                 "loseThreshold":4
               },
             "tutorial":
               {
                     "T1":null
               },
            "keywords":"propiedad distributiva, modelo de área, valor posicional, multiplicar por 3, conteos en secuencia de a 3, multiplicación por dos dígitos, multiplicación, multiplicar por 10",
            "meaningfulDescription":"los estudiantes separan 12 en dos valores y multiplican cada valor por 3"
        },
        {
            "id":"SG-G3-14",
            "parentId":"SG-G3-13",
            "title":"Multiplicar con un número de 2 dígitos",
            "lessons":["5-2"],
            "gridSize":4,
            "sliderType":"AreaModel",
            "equationType":"distributiveProp",
            "var0":[14,15,16,17,18],
            "var1":null,
            "var2":null,
            "var3":null,
             "frequency":
               {
                     "goodGuys":0.35,
                     "badGuys":0.2,
                     "comboTiles":0.25
                },
             "slider":
               {
                 "height":"D(4)",
                 "total":"D(var0)",
                 "min":"D(10)",
                 "max":"D(13)",
                 "interval":"D(1)"
                },
             "grid":
               {
                   "values":null
              },
             "scoring":
               {
                 "starThreshold":3,
                 "loseThreshold":4
               },
             "tutorial":
               {
                     "T1":null
               },
            "keywords":"propiedad distributiva, modelo de área, valor posicional, multiplicar por 4, conteos en secuencia de a 4, multiplicación por dos dígitos, multiplicar por 10",
            "meaningfulDescription":"los estudiantes separan un número de dos dígitos en dos valores y multiplican cada valor por 4"
        }
    ]
}
