{
    "gameName":"SG",
    "isbn":"NR-3-9781328886668",
    "GameGuid":"3210054803",
    "grade":"g3",
    "gradeLabel":"Grade 3",
    "testMode":true,
    "levelData":
[
        {
            "id":"SG-G3-01",
            "parentId":"",
            "title":"Tutorial Level 1",
            "lessons":null,
            "gridSize":3,
            "sliderType":"Ratio",
            "equationType":null,
            "var0":null,
            "var1":null,
            "var2":null,
            "var3":null,
             "frequency":
               {
                     "goodGuys":0.5,
                     "badGuys":0,
                     "comboTiles":0
                },
             "slider":
               {
                 "height":null,
                 "total":"D(4)",
                 "min":"D(1)",
                 "max":"D(1)",
                 "interval":null
                },
             "grid":
               {
                   "values":["D(1)", "D(3)"]
              },
             "scoring":
               {
                 "starThreshold":1,
                 "loseThreshold":2
               },
             "tutorial":
               {
                     "T1":"GoodGuy_Tutorial.mp4"
               },
            "keywords":"tutorial",
            "meaningfulDescription":"students learn how to beat a level of the game"
        },
        {
            "id":"SG-G3-02",
            "parentId":"SG-G3-01",
            "title":"Tutorial Level 2",
            "lessons":null,
            "gridSize":3,
            "sliderType":"Ratio",
            "equationType":null,
            "var0":null,
            "var1":null,
            "var2":null,
            "var3":null,
             "frequency":
               {
                     "goodGuys":0.5,
                     "badGuys":0,
                     "comboTiles":0
                },
             "slider":
               {
                 "height":null,
                 "total":"D(4)",
                 "min":"D(1)",
                 "max":"D(3)",
                 "interval":"D(1)"
                },
             "grid":
               {
                   "values":["D(1)", "D(2)", "D(3)"]
              },
             "scoring":
               {
                 "starThreshold":1,
                 "loseThreshold":3
               },
             "tutorial":
               {
                     "T1":"Slider_Tutorial.mp4"
               },
            "keywords":"tutorial",
            "meaningfulDescription":"students learn how to use the slider mechanic of the game"
        },
        {
            "id":"SG-G3-03",
            "parentId":"SG-G3-02",
            "title":"Tutorial Level 3",
            "lessons":null,
            "gridSize":3,
            "sliderType":"Ratio",
            "equationType":null,
            "var0":null,
            "var1":null,
            "var2":null,
            "var3":null,
             "frequency":
               {
                     "goodGuys":0.3,
                     "badGuys":0.25,
                     "comboTiles":0
                },
             "slider":
               {
                 "height":null,
                 "total":"D(4)",
                 "min":"D(1)",
                 "max":"D(3)",
                 "interval":"D(1)"
                },
             "grid":
               {
                   "values":["D(1)", "D(2)", "D(3)"]
              },
             "scoring":
               {
                 "starThreshold":1,
                 "loseThreshold":1
               },
             "tutorial":
               {
                     "T1":null
               },
            "keywords":"tutorial",
            "meaningfulDescription":"students learn how to lose a level of the game"
        },
        {
            "id":"SG-G3-04",
            "parentId":"SG-G3-03",
            "title":"Multiply with 5",
            "lessons":["1-1"],
            "gridSize":3,
            "sliderType":"AreaModel",
            "equationType":"twoEquationsArea",
            "var0":null,
            "var1":null,
            "var2":null,
            "var3":null,
             "frequency":
               {
                     "goodGuys":0.25,
                     "badGuys":0.1,
                     "comboTiles":0
                },
             "slider":
               {
                 "height":"D(5)",
                 "total":"D(10)",
                 "min":"D(4)",
                 "max":"D(6)",
                 "interval":"D(1)"
                },
             "grid":
               {
                   "values":["D(20)", "D(25)", "D(30)"]
              },
             "scoring":
               {
                 "starThreshold":1,
                 "loseThreshold":3
               },
             "tutorial":
               {
                     "T1":"AreaModel_Tutorial.mp4"
               },
            "keywords":"tutorial, area model, multiply, multiplication, 5s count-bys, multiples of 5, 4s count-bys, 6s count-bys",
            "meaningfulDescription":"students multiply 5 by two values whose sum is 10"
        },
        {
            "id":"SG-G3-05",
            "parentId":"SG-G3-04",
            "title":"Multiply with 5 and 6",
            "lessons":["1-11, 2-1"],
            "gridSize":3,
            "sliderType":"AreaModel",
            "equationType":"twoEquationsArea",
            "var0":null,
            "var1":null,
            "var2":null,
            "var3":null,
             "frequency":
               {
                     "goodGuys":0.25,
                     "badGuys":0.1,
                     "comboTiles":0.3
                },
             "slider":
               {
                 "height":"D(6)",
                 "total":"D(12)",
                 "min":"D(5)",
                 "max":"D(7)",
                 "interval":"D(1)"
                },
             "grid":
               {
                   "values":["D(30)", "D(36)", "D(42)"]
              },
             "scoring":
               {
                 "starThreshold":1,
                 "loseThreshold":3
               },
             "tutorial":
               {
                     "T1":"BonusTiles_Tutorial.mp4"
               },
            "keywords":"tutorial, 6s count-bys, 5s count-bys, 7s count-bys, multiplication, multiply, multiply by 5, multiply by 6, area model",
            "meaningfulDescription":"students multiply 6 by 5, 6, and 7"
        },
        {
            "id":"SG-G3-06",
            "parentId":"SG-G3-05",
            "title":"Multiply with 6",
            "lessons":["2-1"],
            "gridSize":3,
            "sliderType":"AreaModel",
            "equationType":"twoEquationsArea",
            "var0":null,
            "var1":null,
            "var2":null,
            "var3":null,
             "frequency":
               {
                     "goodGuys":0.3,
                     "badGuys":0.1,
                     "comboTiles":0.3
                },
             "slider":
               {
                 "height":"D(3)",
                 "total":"D(6)",
                 "min":"D(2)",
                 "max":"D(4)",
                 "interval":"D(1)"
                },
             "grid":
               {
                   "values":["D(6)", "D(9)", "D(12)"]
              },
             "scoring":
               {
                 "starThreshold":2,
                 "loseThreshold":3
               },
             "tutorial":
               {
                     "T1":null
               },
            "keywords":"multiply, multiplication, 6s count-bys, multiples of 6, multiply by 6, area model, partial sums",
            "meaningfulDescription":"students multiply 3 by two factors whose sum is 6"
        },
        {
            "id":"SG-G3-07",
            "parentId":"SG-G3-06",
            "title":"Multiply with 8",
            "lessons":["2-1"],
            "gridSize":3,
            "sliderType":"AreaModel",
            "equationType":"distributiveProp",
            "var0":null,
            "var1":null,
            "var2":null,
            "var3":null,
             "frequency":
               {
                     "goodGuys":0.3,
                     "badGuys":0.1,
                     "comboTiles":0.3
                },
             "slider":
               {
                 "height":"D(4)",
                 "total":"D(8)",
                 "min":"D(2)",
                 "max":"D(6)",
                 "interval":"D(1)"
                },
             "grid":
               {
                   "values":["D(8)", "D(12)", "D(16)", "D(20)", "D(24)"]
              },
             "scoring":
               {
                 "starThreshold":2,
                 "loseThreshold":5
               },
             "tutorial":
               {
                     "T1":null
               },
            "keywords":"multiply, multiplication, 8s count-bys, multiples of 8, multiply by 8, area model, partial sums",
            "meaningfulDescription":"students multiply 4 by two factors whose sum is 8"
        },
        {
            "id":"SG-G3-08",
            "parentId":"SG-G3-07",
            "title":"Multiply with 5, 6, and 8",
            "lessons":["2-3"],
            "gridSize":3,
            "sliderType":"AreaModel",
            "equationType":"twoEquationsArea",
            "var0":null,
            "var1":null,
            "var2":null,
            "var3":null,
             "frequency":
               {
                     "goodGuys":0.35,
                     "badGuys":0.15,
                     "comboTiles":0.3
                },
             "slider":
               {
                 "height":"D(5)",
                 "total":"D(10)",
                 "min":"D(2)",
                 "max":"D(8)",
                 "interval":"D(2)"
                },
             "grid":
               {
                   "values":["D(10)", "D(20)", "D(30)", "D(40)"]
              },
             "scoring":
               {
                 "starThreshold":2,
                 "loseThreshold":5
               },
             "tutorial":
               {
                     "T1":null
               },
            "keywords":"multiply, multiplication, multiply with 5, multiply with 6, multiply with 8, 5s count-bys, 6s count-bys, 8s count-bys, area model, multiples of 10",
            "meaningfulDescription":"students multiply 5 by 2, 4, 6, and 8"
        },
        {
            "id":"SG-G3-09",
            "parentId":"SG-G3-08",
            "title":"Multiply with 7",
            "lessons":["2-5"],
            "gridSize":3,
            "sliderType":"AreaModel",
            "equationType":"distributiveProp",
            "var0":[2,3],
            "var1":null,
            "var2":null,
            "var3":null,
             "frequency":
               {
                     "goodGuys":0.35,
                     "badGuys":0.15,
                     "comboTiles":0.25
                },
             "slider":
               {
                 "height":"D(var0)",
                 "total":"D(7)",
                 "min":"D(2)",
                 "max":"D(5)",
                 "interval":"D(1)"
                },
             "grid":
               {
                   "values":null
              },
             "scoring":
               {
                 "starThreshold":3,
                 "loseThreshold":5
               },
             "tutorial":
               {
                     "T1":null
               },
            "keywords":"multiply with 7, distributive property, area model, 2s count-bys, 3s count-bys, 4s count-bys, 5s count-bys, multiplication",
            "meaningfulDescription":"students multiply one-digit numbers by two values that add to 7"
        },
        {
            "id":"SG-G3-10",
            "parentId":"SG-G3-09",
            "title":"Multiply with 5, 6, 7, and 8",
            "lessons":["2-5, 2-7"],
            "gridSize":4,
            "sliderType":"AreaModel",
            "equationType":"twoEquationsArea",
            "var0":[3,4,5,6],
            "var1":null,
            "var2":null,
            "var3":null,
             "frequency":
               {
                     "goodGuys":0.35,
                     "badGuys":0.2,
                     "comboTiles":0.35
                },
             "slider":
               {
                 "height":"D(var0)",
                 "total":"D(13)",
                 "min":"D(5)",
                 "max":"D(8)",
                 "interval":"D(1)"
                },
             "grid":
               {
                   "values":null
              },
             "scoring":
               {
                 "starThreshold":3,
                 "loseThreshold":5
               },
             "tutorial":
               {
                     "T1":null
               },
            "keywords":"multiply with 5, multiply with 6, multiply with 7, multiply with 8, 5s count-bys, 6s count-bys, 7s count-bys, 8s count-bys, multiplication, one-digit multiplication",
            "meaningfulDescription":"students multiply one-digit numbers by 5, 6, 7, and 8"
        },
        {
            "id":"SG-G3-11",
            "parentId":"SG-G3-10",
            "title":"Multiply with 10",
            "lessons":["2-14"],
            "gridSize":4,
            "sliderType":"AreaModel",
            "equationType":"twoEquationsArea",
            "var0":null,
            "var1":null,
            "var2":null,
            "var3":null,
             "frequency":
               {
                     "goodGuys":0.35,
                     "badGuys":0.2,
                     "comboTiles":0.3
                },
             "slider":
               {
                 "height":"D(10)",
                 "total":"D(20)",
                 "min":"D(8)",
                 "max":"D(12)",
                 "interval":"D(1)"
                },
             "grid":
               {
                   "values":["D(80)", "D(90)", "D(100)", "D(110)", "D(120)"]
              },
             "scoring":
               {
                 "starThreshold":3,
                 "loseThreshold":4
               },
             "tutorial":
               {
                     "T1":null
               },
            "keywords":"multiply with 10, multiply by 10, multiplication, 10s count-bys, shift patterns, area model, distributive property",
            "meaningfulDescription":"students multiply 10 by two values that add to 20"
        },
        {
            "id":"SG-G3-12",
            "parentId":"SG-G3-11",
            "title":"Area of a Rectangle",
            "lessons":["5-2"],
            "gridSize":4,
            "sliderType":"AreaModel",
            "equationType":"distributiveProp",
            "var0":null,
            "var1":null,
            "var2":null,
            "var3":null,
             "frequency":
               {
                     "goodGuys":0.35,
                     "badGuys":0.2,
                     "comboTiles":0.3
                },
             "slider":
               {
                 "height":"D(3)",
                 "total":"D(12)",
                 "min":"D(4)",
                 "max":"D(8)",
                 "interval":"D(1)"
                },
             "grid":
               {
                   "values":["D(12)", "D(15)", "D(18)", "D(21)", "D(24)"]
              },
             "scoring":
               {
                 "starThreshold":3,
                 "loseThreshold":4
               },
             "tutorial":
               {
                     "T1":null
               },
            "keywords":"distributive property, area model, place value, multiply by 3, 3s count-bys, one-digit multiplication, multiplication",
            "meaningfulDescription":"students find the areas of two adjacent rectangles"
        },
        {
            "id":"SG-G3-13",
            "parentId":"SG-G3-12",
            "title":"Multiply with 12",
            "lessons":["5-2"],
            "gridSize":4,
            "sliderType":"AreaModel",
            "equationType":"distributiveProp",
            "var0":null,
            "var1":null,
            "var2":null,
            "var3":null,
             "frequency":
               {
                     "goodGuys":0.35,
                     "badGuys":0.2,
                     "comboTiles":0.3
                },
             "slider":
               {
                 "height":"D(3)",
                 "total":"D(12)",
                 "min":"D(10)",
                 "max":"D(12)",
                 "interval":"D(1)"
                },
             "grid":
               {
                   "values":null
              },
             "scoring":
               {
                 "starThreshold":3,
                 "loseThreshold":4
               },
             "tutorial":
               {
                     "T1":null
               },
            "keywords":"distributive property, area model, place value, multiply by 3, 3s count-bys, two-digit multiplication, multiplication, multiply by 10",
            "meaningfulDescription":"students split 12 into two values and multiply each value by 3"
        },
        {
            "id":"SG-G3-14",
            "parentId":"SG-G3-13",
            "title":"Multiply with a 2-Digit Number",
            "lessons":["5-2"],
            "gridSize":4,
            "sliderType":"AreaModel",
            "equationType":"distributiveProp",
            "var0":[14,15,16,17,18],
            "var1":null,
            "var2":null,
            "var3":null,
             "frequency":
               {
                     "goodGuys":0.35,
                     "badGuys":0.2,
                     "comboTiles":0.25
                },
             "slider":
               {
                 "height":"D(4)",
                 "total":"D(var0)",
                 "min":"D(10)",
                 "max":"D(13)",
                 "interval":"D(1)"
                },
             "grid":
               {
                   "values":null
              },
             "scoring":
               {
                 "starThreshold":3,
                 "loseThreshold":4
               },
             "tutorial":
               {
                     "T1":null
               },
            "keywords":"distributive property, area model, place value, multiply by 4, 4s count-bys, two-digit multiplication, multiplication, multiply by 10",
            "meaningfulDescription":"students split a two-digit number into two values and multiply each value by 4"
        }
    ]
}
